Fecha,Temperatura
2011-05-28 00:00:00.0,NA
2011-05-29 00:00:00.0,4.272223
2019-06-15 00:00:00.0,-999.99
2011-05-31 00:00:00.0,3.473611
2011-06-01 00:00:00.0,2.897223
2011-06-02 00:00:00.0,6.261805
2011-06-03 00:00:00.0,3.453472
2016-03-22 00:00:00.0,-999.99
2011-06-05 00:00:00.0,5.003472
2011-06-06 00:00:00.0,5.453471
2011-06-07 00:00:00.0,6.804167
2018-12-16 00:00:00.0,N/A
2011-06-09 00:00:00.0,7.869446
2011-06-10 00:00:00.0,8.463195
2011-06-11 00:00:00.0,5.964584
2011-06-12 00:00:00.0,5.55139
2011-06-13 00:00:00.0,1.761111
2011-06-14 00:00:00.0,3.755555
2011-06-02 00:00:00.0,N/A
2011-06-16 00:00:00.0,5.997916
2011-06-17 00:00:00.0,5.351388
2011-06-18 00:00:00.0,6.387501
2012-08-26 00:00:00.0,-999.99
2019-07-19 00:00:00.0,N/A
2011-06-21 00:00:00.0,4.322222
2011-06-22 00:00:00.0,2.990278
2011-06-23 00:00:00.0,5.722918
2011-06-24 00:00:00.0,3.088194
2016-09-15 00:00:00.0,-999.99
2011-06-26 00:00:00.0,0.3958336
2011-06-27 00:00:00.0,7.999999
2020-05-13 00:00:00.0,N/A
2015-11-09 00:00:00.0,-999.99
2011-06-30 00:00:00.0,2.467361
2012-10-28 00:00:00.0,-999.99
2011-07-02 00:00:00.0,-0.8645836
2011-07-03 00:00:00.0,-1.772917
2011-07-04 00:00:00.0,-1.184721
2011-07-05 00:00:00.0,-1.584028
2011-07-06 00:00:00.0,1.309722
2011-07-07 00:00:00.0,9.087502
2015-12-08 00:00:00.0,N/A
2011-07-09 00:00:00.0,8.413194
2015-05-23 00:00:00.0,N/A
2011-07-11 00:00:00.0,8.168751
2011-07-12 00:00:00.0,6.450002
2011-07-13 00:00:00.0,7.587501
2012-10-21 00:00:00.0,-999.99
2011-07-15 00:00:00.0,2.466666
2011-07-16 00:00:00.0,1.757639
2015-04-27 00:00:00.0,N/A
2011-07-18 00:00:00.0,-0.1256943
2011-07-19 00:00:00.0,0.003472171
2011-07-20 00:00:00.0,4.399306
2011-07-21 00:00:00.0,6.574306
2020-07-23 00:00:00.0,-999.99
2011-07-23 00:00:00.0,8.134724
2014-09-10 00:00:00.0,N/A
2011-07-25 00:00:00.0,5.571529
2011-07-26 00:00:00.0,6.150694
2011-07-27 00:00:00.0,4.794444
2011-07-28 00:00:00.0,3.786111
2016-08-26 00:00:00.0,-999.99
2011-07-30 00:00:00.0,0.6951387
2019-12-23 00:00:00.0,N/A
2018-04-13 00:00:00.0,-999.99
2011-08-02 00:00:00.0,5.318751
2019-07-10 00:00:00.0,N/A
2013-04-06 00:00:00.0,-999.99
2011-08-05 00:00:00.0,3.996528
2011-08-06 00:00:00.0,5.18125
2019-03-05 00:00:00.0,-999.99
2011-08-08 00:00:00.0,3.781251
2011-08-09 00:00:00.0,5.472916
2011-08-10 00:00:00.0,5.993753
2011-08-11 00:00:00.0,5.9375
2011-08-12 00:00:00.0,4.904166
2011-08-13 00:00:00.0,4.704166
2011-08-14 00:00:00.0,3.196528
2011-08-15 00:00:00.0,1.95
2011-08-16 00:00:00.0,2.544445
2011-08-17 00:00:00.0,2.127083
2020-05-25 00:00:00.0,-999.99
2011-08-19 00:00:00.0,1.320834
2011-08-20 00:00:00.0,1.597917
2011-08-21 00:00:00.0,2.220834
2011-08-22 00:00:00.0,2.003472
2011-08-23 00:00:00.0,5.449999
2011-08-24 00:00:00.0,3.182639
2020-05-09 00:00:00.0,N/A
2013-01-01 00:00:00.0,-999.99
2011-08-27 00:00:00.0,6.010416
2011-08-28 00:00:00.0,4.51111
2011-08-29 00:00:00.0,4.054861
2011-08-30 00:00:00.0,3.600001
2011-08-31 00:00:00.0,4.070833
2011-09-01 00:00:00.0,5.615971
2011-09-02 00:00:00.0,5.111112
2011-09-03 00:00:00.0,3.998611
2011-09-04 00:00:00.0,2.772222
2011-09-05 00:00:00.0,4.097916
2012-07-15 00:00:00.0,-999.99
2011-09-07 00:00:00.0,6.708335
2011-09-08 00:00:00.0,7.524305
2011-09-09 00:00:00.0,6.268751
2011-09-10 00:00:00.0,6.267361
2011-09-11 00:00:00.0,4.895139
2011-09-12 00:00:00.0,7.111805
2017-12-23 00:00:00.0,-999.99
2011-09-14 00:00:00.0,5.79236
2011-09-15 00:00:00.0,8.227777
2020-03-01 00:00:00.0,-999.99
2015-05-14 00:00:00.0,N/A
2011-09-18 00:00:00.0,7.470139
2011-09-19 00:00:00.0,7.293055
2011-09-20 00:00:00.0,8.72014
2018-01-22 00:00:00.0,N/A
2011-09-22 00:00:00.0,8.612501
2011-09-23 00:00:00.0,8.720138
2011-09-24 00:00:00.0,9.543054
2011-09-25 00:00:00.0,8.718057
2011-09-26 00:00:00.0,6.622221
2013-02-20 00:00:00.0,-999.99
2011-09-28 00:00:00.0,7.925002
2011-09-29 00:00:00.0,7.374303
2011-09-30 00:00:00.0,6.69236
2011-10-01 00:00:00.0,7.409028
2011-10-02 00:00:00.0,6.844444
2011-10-03 00:00:00.0,9.929861
2011-10-04 00:00:00.0,9.343749
2011-10-05 00:00:00.0,9.44097
2017-07-13 00:00:00.0,-999.99
2011-10-07 00:00:00.0,7.618749
2011-10-08 00:00:00.0,8.798611
2011-10-09 00:00:00.0,9.005556
2011-10-10 00:00:00.0,6.959028
2011-10-11 00:00:00.0,7.0125
2011-10-12 00:00:00.0,7.365278
2011-10-13 00:00:00.0,5.977083
2011-10-14 00:00:00.0,9.903472
2011-10-15 00:00:00.0,9.106252
2011-10-16 00:00:00.0,8.254168
2011-10-17 00:00:00.0,6.743055
2011-10-18 00:00:00.0,9.575002
2011-10-19 00:00:00.0,11.10764
2020-07-12 00:00:00.0,-999.99
2011-10-21 00:00:00.0,8.852084
2014-09-11 00:00:00.0,N/A
2012-03-15 00:00:00.0,N/A
2011-10-24 00:00:00.0,10.10972
2011-10-25 00:00:00.0,9.074306
2011-10-26 00:00:00.0,11.77083
2011-10-27 00:00:00.0,10.85624
2011-10-28 00:00:00.0,9.829859
2011-10-29 00:00:00.0,11.09861
2011-10-30 00:00:00.0,11.19375
2011-10-31 00:00:00.0,13.63194
2011-11-05 00:00:00.0,N/A
2011-11-02 00:00:00.0,11.16389
2011-11-03 00:00:00.0,12.09028
2011-11-04 00:00:00.0,11.02917
2011-11-05 00:00:00.0,11.11597
2011-11-06 00:00:00.0,11.35278
2011-11-07 00:00:00.0,12.68611
2011-11-08 00:00:00.0,9.656248
2011-11-09 00:00:00.0,6.888889
2011-11-10 00:00:00.0,8.604168
2011-11-11 00:00:00.0,9.493055
2011-11-12 00:00:00.0,11.675
2011-11-13 00:00:00.0,14.43264
2011-11-14 00:00:00.0,13.87222
2011-11-15 00:00:00.0,16.55416
2016-04-10 00:00:00.0,-999.99
2011-11-17 00:00:00.0,15.00278
2011-11-18 00:00:00.0,11.50903
2011-11-19 00:00:00.0,9.360415
2011-11-20 00:00:00.0,9.692361
2011-11-21 00:00:00.0,10.53472
2011-11-22 00:00:00.0,12.30069
2011-11-23 00:00:00.0,11.07222
2011-11-24 00:00:00.0,11.73055
2011-11-25 00:00:00.0,10.77639
2011-11-26 00:00:00.0,10.57014
2011-11-27 00:00:00.0,12.00625
2019-01-28 00:00:00.0,-999.99
2011-11-29 00:00:00.0,12.44236
2011-11-30 00:00:00.0,11.57014
2011-12-01 00:00:00.0,13.50278
2011-12-02 00:00:00.0,14.23958
2011-12-03 00:00:00.0,12.50556
2011-12-04 00:00:00.0,13.32292
2011-12-05 00:00:00.0,13.05
2011-07-06 00:00:00.0,-999.99
2011-12-07 00:00:00.0,17.11806
2011-12-08 00:00:00.0,18.60695
2011-12-09 00:00:00.0,16.77361
2011-12-10 00:00:00.0,14.71111
2011-12-11 00:00:00.0,11.175
2011-12-12 00:00:00.0,14.20833
2011-12-13 00:00:00.0,16.90069
2011-12-14 00:00:00.0,22.22778
2011-12-15 00:00:00.0,23.83125
2012-09-14 00:00:00.0,N/A
2011-12-17 00:00:00.0,17.50348
2011-12-18 00:00:00.0,16.27847
2011-12-19 00:00:00.0,13.96805
2011-12-20 00:00:00.0,13.23681
2011-12-21 00:00:00.0,10.33195
2011-12-22 00:00:00.0,7.8
2011-12-23 00:00:00.0,8.607638
2011-12-24 00:00:00.0,13.50416
2011-12-25 00:00:00.0,14.53403
2011-12-26 00:00:00.0,17.08195
2019-06-02 00:00:00.0,N/A
2011-12-28 00:00:00.0,20.83264
2011-12-29 00:00:00.0,18.98194
2011-12-30 00:00:00.0,17.74166
2013-10-09 00:00:00.0,N/A
2012-01-01 00:00:00.0,20.05
2015-12-04 00:00:00.0,-999.99
2012-01-03 00:00:00.0,19.36042
2012-01-04 00:00:00.0,19.10764
2012-01-05 00:00:00.0,21.60903
2012-01-06 00:00:00.0,21.66389
2012-01-07 00:00:00.0,23.99652
2019-02-20 00:00:00.0,N/A
2011-08-14 00:00:00.0,N/A
2012-01-10 00:00:00.0,11.84236
2012-01-11 00:00:00.0,13.06458
2012-01-12 00:00:00.0,16.57083
2019-09-15 00:00:00.0,-999.99
2017-09-23 00:00:00.0,N/A
2020-05-25 00:00:00.0,N/A
2018-01-08 00:00:00.0,-999.99
2012-01-17 00:00:00.0,20.84861
2012-01-18 00:00:00.0,19.16042
2012-01-19 00:00:00.0,20.56806
2012-01-20 00:00:00.0,19.3882
2012-01-21 00:00:00.0,18.30694
2012-01-22 00:00:00.0,17.65417
2012-01-23 00:00:00.0,15.16111
2012-01-24 00:00:00.0,17.44931
2012-01-25 00:00:00.0,17.40625
2012-01-26 00:00:00.0,20.08334
2012-01-27 00:00:00.0,19.18611
2012-01-28 00:00:00.0,16.84236
2012-01-29 00:00:00.0,13.48334
2012-01-30 00:00:00.0,11.89167
2012-01-31 00:00:00.0,11.73611
2012-02-01 00:00:00.0,14.11458
2012-02-02 00:00:00.0,13.94584
2014-10-25 00:00:00.0,-999.99
2012-02-04 00:00:00.0,14.26458
2012-02-05 00:00:00.0,15.00486
2012-02-06 00:00:00.0,16.83472
2016-01-24 00:00:00.0,-999.99
2012-02-08 00:00:00.0,15.38889
2012-02-09 00:00:00.0,14.23681
2012-02-10 00:00:00.0,17.9625
2012-02-11 00:00:00.0,19.92986
2012-02-12 00:00:00.0,19.0507
2012-02-13 00:00:00.0,15.58403
2012-02-14 00:00:00.0,14.20486
2012-02-15 00:00:00.0,15.16736
2012-02-16 00:00:00.0,16.88056
2012-02-17 00:00:00.0,14.88403
2012-02-18 00:00:00.0,15.45278
2012-02-19 00:00:00.0,14.60486
2012-02-20 00:00:00.0,13.20139
2012-02-21 00:00:00.0,10.75972
2012-02-22 00:00:00.0,13.80208
2012-02-23 00:00:00.0,11.91458
2012-02-24 00:00:00.0,12.37014
2012-02-25 00:00:00.0,12.84028
2015-11-18 00:00:00.0,-999.99
2015-06-23 00:00:00.0,N/A
2012-02-28 00:00:00.0,12.06736
2012-02-29 00:00:00.0,12.94444
2012-03-01 00:00:00.0,12.94097
2012-03-02 00:00:00.0,14.38958
2012-03-03 00:00:00.0,14.64583
2012-03-04 00:00:00.0,15.68055
2012-03-05 00:00:00.0,12.11111
2012-03-06 00:00:00.0,10.75834
2012-03-07 00:00:00.0,12.34722
2012-03-08 00:00:00.0,16.69236
2012-03-09 00:00:00.0,17.09445
2012-03-10 00:00:00.0,14.76111
2012-03-11 00:00:00.0,14.06389
2012-03-12 00:00:00.0,13.29722
2012-03-13 00:00:00.0,13.96181
2012-03-14 00:00:00.0,12.79861
2012-03-15 00:00:00.0,12.87847
2012-03-16 00:00:00.0,14.27014
2012-03-17 00:00:00.0,16.4
2012-03-18 00:00:00.0,13.3618
2012-03-19 00:00:00.0,13.13403
2019-07-06 00:00:00.0,-999.99
2012-03-21 00:00:00.0,15.05555
2012-03-22 00:00:00.0,11.75278
2012-03-23 00:00:00.0,11.8375
2012-03-24 00:00:00.0,13.07431
2012-03-25 00:00:00.0,11.34653
2012-03-26 00:00:00.0,10.47014
2012-03-27 00:00:00.0,8.436805
2020-02-19 00:00:00.0,-999.99
2012-03-29 00:00:00.0,12.27014
2012-03-30 00:00:00.0,12.4
2012-03-31 00:00:00.0,14.26667
2012-04-01 00:00:00.0,13.50209
2012-04-02 00:00:00.0,9.202776
2013-01-03 00:00:00.0,N/A
2020-07-13 00:00:00.0,-999.99
2018-07-01 00:00:00.0,N/A
2012-04-06 00:00:00.0,13.20625
2012-04-07 00:00:00.0,14.01528
2015-08-15 00:00:00.0,-999.99
2015-08-06 00:00:00.0,N/A
2012-04-10 00:00:00.0,8.529165
2012-04-11 00:00:00.0,8.412501
2014-09-07 00:00:00.0,-999.99
2012-04-13 00:00:00.0,12.34584
2012-04-14 00:00:00.0,10.30208
2012-04-15 00:00:00.0,11.71736
2012-04-16 00:00:00.0,10.25417
2012-04-17 00:00:00.0,11.56666
2012-04-18 00:00:00.0,11.41736
2018-02-16 00:00:00.0,N/A
2018-01-27 00:00:00.0,-999.99
2012-04-21 00:00:00.0,7.929862
2012-04-22 00:00:00.0,7.958333
2012-04-23 00:00:00.0,7.764582
2012-04-24 00:00:00.0,6.928472
2012-04-25 00:00:00.0,5.796527
2012-04-26 00:00:00.0,3.727777
2013-10-27 00:00:00.0,N/A
2012-04-28 00:00:00.0,6.315277
2012-04-29 00:00:00.0,10.81319
2012-04-30 00:00:00.0,11.59236
2018-02-06 00:00:00.0,-999.99
2012-05-02 00:00:00.0,10.69792
2012-05-03 00:00:00.0,11.3882
2012-05-04 00:00:00.0,10.1125
2016-12-17 00:00:00.0,-999.99
2019-04-03 00:00:00.0,N/A
2015-04-29 00:00:00.0,-999.99
2012-05-08 00:00:00.0,6.153471
2012-05-09 00:00:00.0,9.552086
2012-05-10 00:00:00.0,9.043746
2012-05-11 00:00:00.0,8.33611
2012-05-12 00:00:00.0,3.983335
2012-05-13 00:00:00.0,7.613193
2012-05-14 00:00:00.0,9.535419
2012-05-15 00:00:00.0,6.206944
2020-05-17 00:00:00.0,-999.99
2016-12-06 00:00:00.0,N/A
2012-05-18 00:00:00.0,4.203472
2012-08-30 00:00:00.0,-999.99
2012-05-20 00:00:00.0,4.657639
2012-05-21 00:00:00.0,2.972222
2012-05-22 00:00:00.0,1.9875
2012-05-23 00:00:00.0,0.07777773
2011-10-24 00:00:00.0,N/A
2016-03-01 00:00:00.0,-999.99
2012-05-26 00:00:00.0,7.168057
2012-05-27 00:00:00.0,7.919446
2012-05-28 00:00:00.0,9.231249
2012-05-29 00:00:00.0,9.049303
2016-11-05 00:00:00.0,N/A
2012-05-31 00:00:00.0,5.131945
2019-11-23 00:00:00.0,-999.99
2012-06-02 00:00:00.0,8.182638
2012-06-03 00:00:00.0,6.386805
2012-06-04 00:00:00.0,5.515971
2016-12-27 00:00:00.0,-999.99
2012-06-06 00:00:00.0,-1.921528
2011-12-16 00:00:00.0,N/A
2012-06-08 00:00:00.0,1.088194
2012-06-09 00:00:00.0,1.495139
2012-06-10 00:00:00.0,7.368748
2012-06-11 00:00:00.0,3.693751
2012-06-12 00:00:00.0,5.318058
2019-12-18 00:00:00.0,-999.99
2012-06-14 00:00:00.0,2.671528
2012-06-15 00:00:00.0,-0.7381942
2012-06-16 00:00:00.0,0.6861112
2012-06-17 00:00:00.0,2.102778
2012-06-18 00:00:00.0,6.111111
2012-06-19 00:00:00.0,7.100695
2012-06-20 00:00:00.0,6.506945
2012-06-21 00:00:00.0,5.191668
2012-06-22 00:00:00.0,5.481943
2012-06-23 00:00:00.0,7.285417
2012-06-24 00:00:00.0,4.290277
2012-06-25 00:00:00.0,1.565972
2012-06-26 00:00:00.0,9.453472
2012-06-27 00:00:00.0,6.407638
2012-06-28 00:00:00.0,6.127778
2012-06-29 00:00:00.0,6.681944
2016-01-31 00:00:00.0,-999.99
2012-07-01 00:00:00.0,3.12014
2012-07-02 00:00:00.0,2.05
2012-07-03 00:00:00.0,3.420139
2012-07-04 00:00:00.0,1.558334
2012-07-05 00:00:00.0,1.510417
2012-07-06 00:00:00.0,2.960416
2012-07-07 00:00:00.0,6.316668
2012-07-08 00:00:00.0,4.684028
2012-07-09 00:00:00.0,1.819445
2012-07-10 00:00:00.0,2.664584
2012-07-11 00:00:00.0,5.802082
2012-07-12 00:00:00.0,6.856946
2012-07-13 00:00:00.0,7.647222
2014-12-11 00:00:00.0,-999.99
2012-07-15 00:00:00.0,0.2729167
2012-07-16 00:00:00.0,3.224306
2019-07-07 00:00:00.0,N/A
2012-07-18 00:00:00.0,7.02986
2012-07-19 00:00:00.0,6.877084
2012-07-20 00:00:00.0,5.302778
2012-07-21 00:00:00.0,6.6625
2012-07-22 00:00:00.0,5.513194
2012-07-23 00:00:00.0,4.738195
2012-07-24 00:00:00.0,3.636805
2012-07-25 00:00:00.0,5.254167
2012-07-26 00:00:00.0,5.052778
2012-07-27 00:00:00.0,5.062499
2012-07-28 00:00:00.0,4.183333
2012-07-29 00:00:00.0,3.019444
2020-06-21 00:00:00.0,-999.99
2012-07-31 00:00:00.0,0.2743056
2012-08-01 00:00:00.0,4.677084
2012-08-02 00:00:00.0,3.692361
2012-08-03 00:00:00.0,3.655556
2012-08-04 00:00:00.0,1.833333
2012-08-05 00:00:00.0,6.353472
2012-08-06 00:00:00.0,4.576389
2015-08-11 00:00:00.0,-999.99
2012-08-08 00:00:00.0,4.025694
2012-08-09 00:00:00.0,7.240971
2012-08-10 00:00:00.0,2.886807
2012-08-11 00:00:00.0,4.035417
2012-08-12 00:00:00.0,3.440972
2012-08-13 00:00:00.0,4.618056
2019-03-30 00:00:00.0,-999.99
2012-08-15 00:00:00.0,5.303473
2015-04-17 00:00:00.0,N/A
2012-08-17 00:00:00.0,6.434721
2012-08-18 00:00:00.0,7.332638
2012-08-19 00:00:00.0,7.259027
2018-03-11 00:00:00.0,-999.99
2012-08-21 00:00:00.0,6.081251
2012-08-22 00:00:00.0,5.967361
2012-08-23 00:00:00.0,4.504167
2012-08-24 00:00:00.0,4.082638
2012-08-25 00:00:00.0,0.9618055
2012-08-26 00:00:00.0,3.896528
2012-08-27 00:00:00.0,4.138571
2012-08-28 00:00:00.0,2.629861
2012-08-29 00:00:00.0,7.342361
2012-08-30 00:00:00.0,3.367361
2012-08-31 00:00:00.0,7.236805
2012-09-01 00:00:00.0,9.569442
2012-09-02 00:00:00.0,10.51389
2012-09-03 00:00:00.0,9.392361
2012-09-04 00:00:00.0,8.916668
2012-11-24 00:00:00.0,N/A
2019-01-13 00:00:00.0,N/A
2012-09-07 00:00:00.0,9.006251
2012-09-08 00:00:00.0,6.675
2012-09-09 00:00:00.0,3.797916
2012-09-10 00:00:00.0,4.111806
2012-09-11 00:00:00.0,8.845834
2012-09-12 00:00:00.0,8.961109
2012-09-13 00:00:00.0,9.636803
2012-09-14 00:00:00.0,8.978471
2012-09-15 00:00:00.0,5.986807
2012-09-16 00:00:00.0,5.349304
2012-09-17 00:00:00.0,4.14236
2012-09-18 00:00:00.0,4.554861
2012-04-25 00:00:00.0,-999.99
2019-07-13 00:00:00.0,-999.99
2012-09-21 00:00:00.0,6.688889
2012-09-22 00:00:00.0,4.70764
2012-09-23 00:00:00.0,5.481249
2012-09-24 00:00:00.0,8.164582
2012-09-25 00:00:00.0,9.653471
2016-01-03 00:00:00.0,N/A
2017-11-25 00:00:00.0,-999.99
2012-09-28 00:00:00.0,10.07431
2012-09-29 00:00:00.0,9.221525
2012-09-30 00:00:00.0,7.332636
2012-10-01 00:00:00.0,6.934722
2012-10-02 00:00:00.0,6.991666
2012-10-03 00:00:00.0,7.81111
2012-10-04 00:00:00.0,7.195832
2012-10-05 00:00:00.0,6.022223
2012-10-06 00:00:00.0,4.211806
2012-10-07 00:00:00.0,7.244446
2012-10-08 00:00:00.0,5.650693
2012-10-09 00:00:00.0,10.23195
2012-10-10 00:00:00.0,9.285415
2012-10-11 00:00:00.0,11.11528
2012-10-12 00:00:00.0,12.61736
2012-10-13 00:00:00.0,10.46806
2012-10-14 00:00:00.0,8.434028
2019-10-01 00:00:00.0,N/A
2012-10-16 00:00:00.0,10.56389
2012-10-17 00:00:00.0,10.05069
2012-10-18 00:00:00.0,11.41875
2012-10-19 00:00:00.0,8.788195
2012-10-20 00:00:00.0,10.41806
2012-10-21 00:00:00.0,9.965975
2012-10-22 00:00:00.0,11.15804
2012-10-23 00:00:00.0,9.3875
2013-10-17 00:00:00.0,-999.99
2012-10-25 00:00:00.0,8.687499
2012-10-26 00:00:00.0,8.487499
2012-10-27 00:00:00.0,7.037499
2012-10-28 00:00:00.0,9.156946
2012-10-29 00:00:00.0,8.055553
2019-01-05 00:00:00.0,-999.99
2012-10-31 00:00:00.0,10.46667
2012-11-01 00:00:00.0,10.24028
2012-11-02 00:00:00.0,11.44444
2012-11-03 00:00:00.0,11.35972
2012-11-04 00:00:00.0,11.51736
2011-10-11 00:00:00.0,-999.99
2012-11-06 00:00:00.0,13.66111
2019-05-28 00:00:00.0,N/A
2017-03-23 00:00:00.0,-999.99
2012-11-09 00:00:00.0,10.21111
2012-11-10 00:00:00.0,10.66458
2019-09-11 00:00:00.0,N/A
2012-11-12 00:00:00.0,17.09236
2012-11-13 00:00:00.0,19.81597
2012-11-14 00:00:00.0,16.18125
2012-11-15 00:00:00.0,13.86111
2014-11-19 00:00:00.0,-999.99
2012-11-17 00:00:00.0,14.49097
2012-11-18 00:00:00.0,14.78819
2018-03-17 00:00:00.0,-999.99
2017-10-19 00:00:00.0,-999.99
2012-11-21 00:00:00.0,10.40764
2012-11-22 00:00:00.0,8.269444
2012-11-23 00:00:00.0,8.915974
2017-09-03 00:00:00.0,N/A
2012-11-25 00:00:00.0,11.07153
2012-11-26 00:00:00.0,12.7625
2012-11-27 00:00:00.0,14.79653
2012-11-28 00:00:00.0,14.35417
2012-11-29 00:00:00.0,12.62639
2011-11-04 00:00:00.0,N/A
2012-12-01 00:00:00.0,12.17083
2012-12-02 00:00:00.0,11.86111
2012-12-03 00:00:00.0,11.25556
2012-12-04 00:00:00.0,12.16458
2012-12-05 00:00:00.0,11.51667
2012-12-06 00:00:00.0,9.555552
2012-12-07 00:00:00.0,10.97639
2012-12-08 00:00:00.0,13.59306
2012-12-09 00:00:00.0,14.24861
2012-12-10 00:00:00.0,13.80695
2012-12-11 00:00:00.0,12.43472
2012-12-12 00:00:00.0,10.54931
2014-12-12 00:00:00.0,N/A
2012-12-14 00:00:00.0,12.15069
2012-12-15 00:00:00.0,11.61528
2012-12-16 00:00:00.0,10.3118
2012-12-17 00:00:00.0,9.322224
2012-12-18 00:00:00.0,10.29722
2012-12-19 00:00:00.0,8.583332
2012-12-20 00:00:00.0,8.355553
2012-12-21 00:00:00.0,10.23681
2016-05-22 00:00:00.0,-999.99
2012-12-23 00:00:00.0,10.92084
2012-12-24 00:00:00.0,10.375
2012-12-25 00:00:00.0,9.672916
2014-09-23 00:00:00.0,-999.99
2012-12-27 00:00:00.0,11.60278
2019-10-04 00:00:00.0,-999.99
2015-04-15 00:00:00.0,N/A
2012-12-30 00:00:00.0,14.46111
2012-12-31 00:00:00.0,13.64514
2013-01-01 00:00:00.0,15.38889
2013-01-02 00:00:00.0,17.27083
2013-01-03 00:00:00.0,17.52083
2013-01-04 00:00:00.0,16.60625
2013-01-05 00:00:00.0,16.23472
2013-01-06 00:00:00.0,14.26458
2013-01-07 00:00:00.0,10.68125
2013-01-08 00:00:00.0,12.97013
2013-01-09 00:00:00.0,14.7875
2013-01-10 00:00:00.0,20.21181
2013-01-11 00:00:00.0,21.06458
2013-01-12 00:00:00.0,19.94306
2013-01-13 00:00:00.0,23.11111
2011-08-02 00:00:00.0,N/A
2013-01-15 00:00:00.0,20.25833
2013-01-16 00:00:00.0,19.35555
2013-01-17 00:00:00.0,21.53055
2013-01-18 00:00:00.0,22.09583
2013-01-19 00:00:00.0,21.11596
2013-01-20 00:00:00.0,21.3882
2013-01-21 00:00:00.0,22.81944
2013-01-22 00:00:00.0,21.30972
2013-01-23 00:00:00.0,19.48473
2013-01-24 00:00:00.0,17.67222
2013-01-25 00:00:00.0,15.35764
2013-01-26 00:00:00.0,18.0257
2013-01-27 00:00:00.0,19.01876
2013-01-28 00:00:00.0,19.58055
2013-01-29 00:00:00.0,19.8875
2012-10-23 00:00:00.0,N/A
2013-01-31 00:00:00.0,19.15972
2013-02-01 00:00:00.0,17.17639
2017-11-01 00:00:00.0,-999.99
2013-02-03 00:00:00.0,16.67083
2020-04-09 00:00:00.0,-999.99
2013-02-05 00:00:00.0,18.8243
2013-02-06 00:00:00.0,20.23819
2013-02-07 00:00:00.0,20.42153
2013-02-08 00:00:00.0,21.16667
2013-02-09 00:00:00.0,21.80069
2013-02-10 00:00:00.0,18.45695
2013-02-11 00:00:00.0,16.3875
2013-02-12 00:00:00.0,14.35973
2013-02-13 00:00:00.0,14.1125
2012-02-05 00:00:00.0,N/A
2013-02-15 00:00:00.0,16.89306
2013-02-16 00:00:00.0,12.89028
2013-02-17 00:00:00.0,9.525697
2018-01-14 00:00:00.0,-999.99
2013-02-19 00:00:00.0,12.8125
2013-02-20 00:00:00.0,14.52708
2013-02-21 00:00:00.0,16.39652
2013-02-22 00:00:00.0,16.3743
2013-02-23 00:00:00.0,13.97431
2013-02-24 00:00:00.0,15.59027
2013-02-25 00:00:00.0,14.625
2011-07-30 00:00:00.0,N/A
2013-02-27 00:00:00.0,16.22152
2013-02-28 00:00:00.0,12.87986
2013-03-01 00:00:00.0,12.49097
2013-03-02 00:00:00.0,14.67083
2013-03-03 00:00:00.0,14.74583
2013-03-04 00:00:00.0,13.67917
2013-03-05 00:00:00.0,14.68819
2013-03-06 00:00:00.0,9.558333
2013-03-07 00:00:00.0,10.85139
2013-03-08 00:00:00.0,13.95834
2013-03-09 00:00:00.0,14.37708
2013-03-10 00:00:00.0,14.93612
2013-03-11 00:00:00.0,14.8375
2013-03-12 00:00:00.0,11.48195
2013-03-13 00:00:00.0,10.22917
2013-03-14 00:00:00.0,8.617359
2014-12-03 00:00:00.0,N/A
2013-03-16 00:00:00.0,10.20347
2013-03-17 00:00:00.0,14.37292
2017-08-04 00:00:00.0,N/A
2013-03-19 00:00:00.0,12.49375
2013-03-20 00:00:00.0,13.30695
2013-03-21 00:00:00.0,10.73333
2013-03-22 00:00:00.0,13.09097
2013-03-23 00:00:00.0,10.94792
2013-03-24 00:00:00.0,13.93958
2013-03-25 00:00:00.0,12.7007
2013-03-26 00:00:00.0,12.74236
2013-03-27 00:00:00.0,13.34098
2013-03-28 00:00:00.0,12.59861
2013-03-29 00:00:00.0,13.53403
2013-03-30 00:00:00.0,12.95417
2013-03-31 00:00:00.0,11.74792
2013-04-01 00:00:00.0,10.07083
2013-04-02 00:00:00.0,9.40139
2013-04-03 00:00:00.0,13.9743
2012-06-08 00:00:00.0,N/A
2013-04-05 00:00:00.0,8.294444
2013-04-06 00:00:00.0,8.492361
2013-04-07 00:00:00.0,11.69653
2013-04-08 00:00:00.0,10.31528
2013-04-09 00:00:00.0,7.234027
2013-04-10 00:00:00.0,10.53194
2013-04-11 00:00:00.0,6.100693
2013-04-12 00:00:00.0,7.112501
2016-06-28 00:00:00.0,-999.99
2013-04-14 00:00:00.0,13.39305
2013-04-15 00:00:00.0,10.56111
2013-04-16 00:00:00.0,11.27639
2013-04-17 00:00:00.0,14.30139
2013-04-18 00:00:00.0,11.26528
2013-04-19 00:00:00.0,10.0382
2013-04-20 00:00:00.0,9.179859
2013-04-21 00:00:00.0,14.15486
2013-04-22 00:00:00.0,12.27153
2013-04-23 00:00:00.0,9.671528
2013-04-24 00:00:00.0,7.789583
2013-04-25 00:00:00.0,6.351389
2013-04-26 00:00:00.0,7.375
2013-04-27 00:00:00.0,12.49722
2013-04-28 00:00:00.0,9.231945
2013-04-29 00:00:00.0,11.91875
2013-04-30 00:00:00.0,8.219443
2012-07-01 00:00:00.0,N/A
2013-05-02 00:00:00.0,8.944448
2013-05-03 00:00:00.0,10.4257
2013-05-04 00:00:00.0,10.55694
2017-07-05 00:00:00.0,N/A
2013-05-06 00:00:00.0,9.894447
2013-05-07 00:00:00.0,9.096528
2013-05-08 00:00:00.0,12.32153
2013-05-09 00:00:00.0,12.57708
2013-05-10 00:00:00.0,10.57847
2013-05-11 00:00:00.0,8.729168
2013-05-12 00:00:00.0,7.8375
2013-05-13 00:00:00.0,7.944446
2013-05-14 00:00:00.0,4.33889
2013-05-15 00:00:00.0,5.177776
2013-05-16 00:00:00.0,3.991667
2013-05-17 00:00:00.0,2.931945
2013-05-18 00:00:00.0,1.34375
2013-05-19 00:00:00.0,5.488194
2013-05-20 00:00:00.0,5.162499
2020-08-06 00:00:00.0,-999.99
2013-05-22 00:00:00.0,9.763891
2013-05-23 00:00:00.0,11.19653
2013-05-24 00:00:00.0,11.70139
2013-05-25 00:00:00.0,8.687499
2013-05-26 00:00:00.0,10.51528
2013-05-27 00:00:00.0,6.960418
2013-05-28 00:00:00.0,5.606944
2013-05-29 00:00:00.0,7.529861
2013-05-30 00:00:00.0,8.147918
2017-04-30 00:00:00.0,-999.99
2013-06-01 00:00:00.0,6.933333
2013-06-02 00:00:00.0,9.061806
2013-06-03 00:00:00.0,11.86389
2013-06-04 00:00:00.0,12.10897
2013-06-05 00:00:00.0,8.717363
2013-06-06 00:00:00.0,8.632638
2013-06-07 00:00:00.0,7.027777
2013-06-08 00:00:00.0,0.5013891
2013-06-09 00:00:00.0,6.469442
2013-06-10 00:00:00.0,10.51527
2013-06-11 00:00:00.0,8.146526
2013-06-12 00:00:00.0,9.677084
2013-06-13 00:00:00.0,10.76111
2013-06-14 00:00:00.0,6.084723
2013-06-15 00:00:00.0,7.815279
2013-06-16 00:00:00.0,3.904167
2013-06-17 00:00:00.0,4.584723
2013-06-18 00:00:00.0,2.000695
2013-06-19 00:00:00.0,4.829166
2013-06-20 00:00:00.0,6.768055
2020-05-11 00:00:00.0,N/A
2013-06-22 00:00:00.0,5.215279
2013-06-23 00:00:00.0,4.009721
2013-06-24 00:00:00.0,3.281945
2013-06-25 00:00:00.0,8.177777
2013-06-26 00:00:00.0,7.352082
2013-06-27 00:00:00.0,6.797915
2011-12-18 00:00:00.0,-999.99
2013-04-16 00:00:00.0,N/A
2013-06-30 00:00:00.0,0.1618057
2019-10-23 00:00:00.0,-999.99
2013-07-02 00:00:00.0,5.902082
2013-07-03 00:00:00.0,4.341668
2013-07-04 00:00:00.0,4.072917
2013-06-23 00:00:00.0,-999.99
2013-07-06 00:00:00.0,1.454861
2013-07-07 00:00:00.0,-0.08611132
2013-07-08 00:00:00.0,1.851389
2013-07-09 00:00:00.0,2.677776
2013-07-10 00:00:00.0,5.667361
2017-01-24 00:00:00.0,N/A
2013-07-12 00:00:00.0,6.543056
2013-07-13 00:00:00.0,5.374306
2013-07-14 00:00:00.0,5.295069
2017-05-09 00:00:00.0,N/A
2018-02-22 00:00:00.0,-999.99
2013-07-17 00:00:00.0,6.811805
2013-07-18 00:00:00.0,-1.740277
2013-07-19 00:00:00.0,-0.4194446
2013-07-20 00:00:00.0,1.276389
2013-07-21 00:00:00.0,-1.472222
2012-03-07 00:00:00.0,N/A
2016-01-15 00:00:00.0,N/A
2013-07-24 00:00:00.0,3.079167
2013-07-25 00:00:00.0,5.709723
2013-07-26 00:00:00.0,3.670139
2013-07-27 00:00:00.0,3.788889
2013-07-28 00:00:00.0,1.539584
2016-01-20 00:00:00.0,N/A
2013-07-30 00:00:00.0,7.449305
2013-07-31 00:00:00.0,5.647919
2013-08-01 00:00:00.0,5.495834
2013-08-02 00:00:00.0,2.344445
2013-08-03 00:00:00.0,5.010416
2013-08-04 00:00:00.0,4.445138
2013-08-05 00:00:00.0,4.56736
2013-08-06 00:00:00.0,3.727085
2013-08-07 00:00:00.0,4.418056
2020-06-05 00:00:00.0,N/A
2014-10-10 00:00:00.0,-999.99
2013-08-10 00:00:00.0,6.440973
2020-09-08 00:00:00.0,N/A
2013-08-12 00:00:00.0,2.15764
2013-08-13 00:00:00.0,1.796527
2012-07-03 00:00:00.0,N/A
2013-08-15 00:00:00.0,5.591667
2013-08-16 00:00:00.0,5.754166
2013-08-17 00:00:00.0,2.328472
2015-05-16 00:00:00.0,N/A
2013-08-19 00:00:00.0,3.990973
2013-08-20 00:00:00.0,5.973611
2019-01-14 00:00:00.0,N/A
2013-08-22 00:00:00.0,-0.2458333
2013-08-23 00:00:00.0,-4.784029
2013-08-24 00:00:00.0,-2.655556
2013-08-25 00:00:00.0,-1.513889
2013-08-26 00:00:00.0,0.585417
2013-08-27 00:00:00.0,10.70139
2013-08-28 00:00:00.0,10.69444
2013-08-29 00:00:00.0,10.19306
2013-08-30 00:00:00.0,9.007637
2011-08-03 00:00:00.0,N/A
2013-09-01 00:00:00.0,6.616666
2013-09-02 00:00:00.0,4.898611
2013-09-03 00:00:00.0,1.702778
2013-09-04 00:00:00.0,4.688812
2015-02-03 00:00:00.0,N/A
2013-09-06 00:00:00.0,8.61389
2013-09-07 00:00:00.0,8.57361
2013-09-08 00:00:00.0,8.335418
2013-09-09 00:00:00.0,9.302776
2013-09-10 00:00:00.0,6.182639
2013-09-11 00:00:00.0,4.504862
2013-09-12 00:00:00.0,2.66875
2013-09-13 00:00:00.0,1.071528
2013-09-14 00:00:00.0,1.572917
2013-09-15 00:00:00.0,2.338194
2013-09-16 00:00:00.0,3.291667
2013-09-17 00:00:00.0,5.297224
2013-09-18 00:00:00.0,7.285417
2013-09-19 00:00:00.0,6.324308
2013-09-20 00:00:00.0,4.081944
2013-09-21 00:00:00.0,4.364583
2013-09-22 00:00:00.0,5.391667
2013-09-23 00:00:00.0,4.360416
2013-09-24 00:00:00.0,7.722223
2018-02-16 00:00:00.0,-999.99
2013-09-26 00:00:00.0,6.960416
2012-11-30 00:00:00.0,N/A
2013-09-28 00:00:00.0,3.338194
2013-09-29 00:00:00.0,4.980556
2013-09-30 00:00:00.0,7.725695
2013-10-01 00:00:00.0,7.365036
2013-10-02 00:00:00.0,6.298612
2011-10-10 00:00:00.0,-999.99
2013-10-04 00:00:00.0,8.358332
2013-10-05 00:00:00.0,7.722225
2013-10-06 00:00:00.0,6.85625
2013-10-07 00:00:00.0,7.990277
2013-10-08 00:00:00.0,10.10416
2013-10-09 00:00:00.0,7.110417
2013-10-10 00:00:00.0,9.145139
2013-10-11 00:00:00.0,10.41597
2013-10-12 00:00:00.0,11.86597
2014-12-15 00:00:00.0,-999.99
2013-10-14 00:00:00.0,10.3507
2013-10-15 00:00:00.0,12.69167
2013-10-26 00:00:00.0,N/A
2013-10-17 00:00:00.0,12.27361
2019-01-17 00:00:00.0,N/A
2017-05-20 00:00:00.0,N/A
2013-10-20 00:00:00.0,8.619442
2013-10-21 00:00:00.0,6.589583
2013-10-22 00:00:00.0,6.43125
2013-10-23 00:00:00.0,7.516668
2013-10-24 00:00:00.0,9.734028
2013-10-25 00:00:00.0,11.50278
2013-10-26 00:00:00.0,10.37709
2013-10-27 00:00:00.0,10.875
2013-10-28 00:00:00.0,10.12917
2013-10-29 00:00:00.0,12.41459
2013-10-30 00:00:00.0,12.56944
2013-10-31 00:00:00.0,11.20556
2013-11-01 00:00:00.0,NA
2014-08-04 00:00:00.0,NA
2019-10-02 00:00:00.0,N/A
2014-08-06 00:00:00.0,5.407639
2014-08-07 00:00:00.0,5.544444
2014-08-08 00:00:00.0,3.520139
2011-07-02 00:00:00.0,N/A
2014-08-10 00:00:00.0,4.572222
2014-08-11 00:00:00.0,4.645139
2014-08-12 00:00:00.0,4.842362
2014-12-18 00:00:00.0,-999.99
2014-08-14 00:00:00.0,2.228472
2015-03-30 00:00:00.0,N/A
2014-08-16 00:00:00.0,8.981945
2014-08-17 00:00:00.0,11.4375
2020-03-30 00:00:00.0,-999.99
2014-08-19 00:00:00.0,6.965277
2014-08-20 00:00:00.0,5.972222
2014-08-21 00:00:00.0,7.329168
2014-08-22 00:00:00.0,8.355556
2014-08-23 00:00:00.0,7.476389
2014-08-24 00:00:00.0,4.746528
2017-02-14 00:00:00.0,N/A
2014-08-26 00:00:00.0,4.268056
2014-08-27 00:00:00.0,5.995834
2014-08-28 00:00:00.0,5.065278
2014-08-29 00:00:00.0,6.195834
2013-03-21 00:00:00.0,N/A
2014-08-31 00:00:00.0,6.775001
2014-09-01 00:00:00.0,9.080554
2014-09-02 00:00:00.0,7.417361
2014-09-03 00:00:00.0,7.835417
2015-04-22 00:00:00.0,N/A
2014-09-05 00:00:00.0,7.028471
2014-09-06 00:00:00.0,5.67639
2018-02-10 00:00:00.0,-999.99
2014-09-08 00:00:00.0,4.10486
2014-09-09 00:00:00.0,3.623611
2014-09-10 00:00:00.0,5.736112
2014-09-11 00:00:00.0,4.584722
2014-09-12 00:00:00.0,7.811111
2014-09-13 00:00:00.0,5.23889
2014-09-14 00:00:00.0,9.257639
2014-09-15 00:00:00.0,6.334028
2014-09-16 00:00:00.0,7.272223
2018-07-14 00:00:00.0,-999.99
2014-09-18 00:00:00.0,8.981945
2015-01-10 00:00:00.0,N/A
2019-09-27 00:00:00.0,-999.99
2014-09-21 00:00:00.0,8.392362
2014-09-22 00:00:00.0,6.700001
2014-09-23 00:00:00.0,4.716666
2013-04-15 00:00:00.0,N/A
2014-09-25 00:00:00.0,4.395138
2014-09-26 00:00:00.0,6.234028
2014-09-27 00:00:00.0,4.433332
2014-09-28 00:00:00.0,7.615973
2014-09-29 00:00:00.0,6.49375
2012-11-11 00:00:00.0,N/A
2014-10-01 00:00:00.0,7.638196
2016-08-16 00:00:00.0,-999.99
2014-10-03 00:00:00.0,7.965975
2014-10-04 00:00:00.0,9.706945
2014-10-05 00:00:00.0,9.256249
2014-10-06 00:00:00.0,10.3118
2014-10-07 00:00:00.0,10.45764
2014-10-08 00:00:00.0,5.522917
2014-10-09 00:00:00.0,5.827778
2014-10-10 00:00:00.0,7.969445
2014-10-11 00:00:00.0,8.371527
2014-10-12 00:00:00.0,7.96736
2014-10-13 00:00:00.0,9.620137
2014-10-14 00:00:00.0,8.129167
2014-10-15 00:00:00.0,8.088886
2014-10-16 00:00:00.0,9.493055
2014-10-17 00:00:00.0,8.852779
2014-10-18 00:00:00.0,7.252779
2014-10-19 00:00:00.0,7.013195
2012-04-25 00:00:00.0,N/A
2014-10-21 00:00:00.0,12.24236
2014-10-22 00:00:00.0,12.63264
2014-10-23 00:00:00.0,10.52153
2011-08-09 00:00:00.0,-999.99
2012-07-23 00:00:00.0,N/A
2017-08-07 00:00:00.0,N/A
2014-10-27 00:00:00.0,9.675696
2014-10-28 00:00:00.0,10.28542
2012-05-24 00:00:00.0,N/A
2014-10-30 00:00:00.0,5.209723
2013-01-09 00:00:00.0,N/A
2014-11-01 00:00:00.0,1.693749
2017-04-09 00:00:00.0,-999.99
2014-11-03 00:00:00.0,5.227083
2014-11-04 00:00:00.0,8.99653
2013-03-28 00:00:00.0,-999.99
2014-11-06 00:00:00.0,8.5375
2014-11-07 00:00:00.0,9.136807
2014-11-08 00:00:00.0,10.60764
2014-11-09 00:00:00.0,13.77014
2014-11-10 00:00:00.0,12.39653
2014-11-11 00:00:00.0,10.07708
2014-11-12 00:00:00.0,10.26875
2014-11-13 00:00:00.0,10.65903
2014-11-14 00:00:00.0,13.08194
2014-11-15 00:00:00.0,14.14097
2014-11-16 00:00:00.0,14.63472
2014-11-17 00:00:00.0,15.07291
2014-11-18 00:00:00.0,10.76528
2014-11-19 00:00:00.0,8.537501
2014-11-20 00:00:00.0,11.34444
2014-11-21 00:00:00.0,11.45347
2014-11-22 00:00:00.0,12.62431
2014-11-23 00:00:00.0,10.34305
2014-11-24 00:00:00.0,9.804165
2014-11-25 00:00:00.0,11.54445
2014-11-26 00:00:00.0,13.10486
2017-02-08 00:00:00.0,N/A
2014-11-28 00:00:00.0,11.47708
2019-02-05 00:00:00.0,N/A
2014-11-30 00:00:00.0,10.63195
2014-12-01 00:00:00.0,13.01042
2014-12-02 00:00:00.0,13.33958
2014-12-03 00:00:00.0,15.18125
2014-12-04 00:00:00.0,14.61736
2014-12-05 00:00:00.0,14.72708
2014-12-06 00:00:00.0,13.79375
2014-12-07 00:00:00.0,14.65833
2014-12-08 00:00:00.0,15.14514
2014-12-09 00:00:00.0,14.48334
2014-12-10 00:00:00.0,11.64722
2014-12-11 00:00:00.0,14.16042
2014-12-12 00:00:00.0,13.89375
2014-12-13 00:00:00.0,15.65695
2019-04-30 00:00:00.0,N/A
2014-12-15 00:00:00.0,13.18681
2014-12-16 00:00:00.0,14.5125
2014-12-17 00:00:00.0,15.07847
2014-12-18 00:00:00.0,13.91875
2014-12-19 00:00:00.0,12.72639
2020-03-01 00:00:00.0,N/A
2014-12-21 00:00:00.0,9.038194
2016-09-10 00:00:00.0,-999.99
2014-12-23 00:00:00.0,13.27917
2015-09-04 00:00:00.0,-999.99
2018-01-09 00:00:00.0,N/A
2014-12-26 00:00:00.0,15.94444
2014-12-27 00:00:00.0,16.75278
2014-12-28 00:00:00.0,16.54653
2019-12-24 00:00:00.0,N/A
2014-12-30 00:00:00.0,12.99931
2014-12-31 00:00:00.0,11.00833
2015-01-01 00:00:00.0,12.0743
2013-02-22 00:00:00.0,N/A
2015-01-03 00:00:00.0,17.12222
2015-01-04 00:00:00.0,16.69722
2015-01-05 00:00:00.0,16.5632
2015-01-06 00:00:00.0,14.45625
2015-01-07 00:00:00.0,14.90139
2013-06-25 00:00:00.0,-999.99
2015-01-09 00:00:00.0,17.65139
2015-01-10 00:00:00.0,16.1618
2015-01-11 00:00:00.0,15.34444
2015-01-12 00:00:00.0,15.24306
2019-02-06 00:00:00.0,-999.99
2015-01-14 00:00:00.0,17.78195
2015-01-15 00:00:00.0,16.71666
2015-01-16 00:00:00.0,19.11111
2015-08-31 00:00:00.0,-999.99
2015-01-18 00:00:00.0,17.67153
2015-01-19 00:00:00.0,17.22986
2015-01-20 00:00:00.0,19.76667
2020-03-27 00:00:00.0,-999.99
2015-01-22 00:00:00.0,20.03611
2015-01-23 00:00:00.0,17.22431
2015-01-24 00:00:00.0,19.05833
2015-01-25 00:00:00.0,16.40972
2016-02-09 00:00:00.0,-999.99
2015-01-27 00:00:00.0,16.27361
2015-01-28 00:00:00.0,14.14584
2015-01-29 00:00:00.0,17.50625
2017-02-21 00:00:00.0,-999.99
2015-01-31 00:00:00.0,19.13056
2015-02-01 00:00:00.0,18.4257
2015-02-02 00:00:00.0,17.44931
2015-02-03 00:00:00.0,17.55555
2015-02-04 00:00:00.0,18.71806
2015-02-05 00:00:00.0,17.14653
2019-08-22 00:00:00.0,N/A
2015-02-07 00:00:00.0,15.47639
2015-02-08 00:00:00.0,14.91597
2015-02-09 00:00:00.0,12.32361
2015-02-10 00:00:00.0,12.9243
2015-02-11 00:00:00.0,15.53264
2015-02-12 00:00:00.0,16.00556
2015-02-13 00:00:00.0,13.88542
2015-02-14 00:00:00.0,16.0
2016-11-26 00:00:00.0,N/A
2015-02-16 00:00:00.0,18.35278
2015-02-17 00:00:00.0,14.34653
2015-02-18 00:00:00.0,12.50208
2015-02-19 00:00:00.0,13.69097
2015-02-20 00:00:00.0,15.9625
2015-02-21 00:00:00.0,16.39792
2015-02-22 00:00:00.0,15.10764
2015-02-23 00:00:00.0,16.63056
2015-02-24 00:00:00.0,19.35694
2017-10-15 00:00:00.0,-999.99
2015-02-26 00:00:00.0,17.46389
2015-02-27 00:00:00.0,19.61806
2015-02-28 00:00:00.0,17.8632
2015-03-01 00:00:00.0,18.14722
2015-03-02 00:00:00.0,15.19792
2015-03-03 00:00:00.0,15.39444
2016-09-25 00:00:00.0,-999.99
2015-03-05 00:00:00.0,17.13958
2012-12-06 00:00:00.0,N/A
2011-07-20 00:00:00.0,-999.99
2015-03-08 00:00:00.0,16.55625
2015-03-09 00:00:00.0,12.88611
2015-03-10 00:00:00.0,18.40347
2015-03-11 00:00:00.0,17.09445
2015-03-12 00:00:00.0,14.80486
2015-03-13 00:00:00.0,14.63264
2015-03-14 00:00:00.0,11.19653
2019-10-30 00:00:00.0,N/A
2015-03-16 00:00:00.0,17.78472
2015-03-17 00:00:00.0,17.34236
2015-03-18 00:00:00.0,14.05
2015-03-19 00:00:00.0,17.29861
2015-03-20 00:00:00.0,14.30834
2015-03-21 00:00:00.0,12.0868
2015-03-22 00:00:00.0,12.80833
2015-03-23 00:00:00.0,15.97292
2015-03-24 00:00:00.0,16.30972
2019-01-02 00:00:00.0,N/A
2011-06-03 00:00:00.0,N/A
2015-03-27 00:00:00.0,15.8007
2015-03-28 00:00:00.0,17.75625
2015-03-29 00:00:00.0,14.28889
2015-03-30 00:00:00.0,12.5868
2015-03-31 00:00:00.0,12.13195
2012-12-26 00:00:00.0,-999.99
2013-07-14 00:00:00.0,-999.99
2015-04-03 00:00:00.0,13.01736
2015-04-04 00:00:00.0,14.76389
2013-04-21 00:00:00.0,N/A
2011-06-26 00:00:00.0,N/A
2015-04-07 00:00:00.0,13.21736
2015-04-08 00:00:00.0,14.47153
2015-04-09 00:00:00.0,11.18819
2015-04-10 00:00:00.0,11.67292
2015-04-11 00:00:00.0,8.955556
2015-04-12 00:00:00.0,10.89236
2015-04-13 00:00:00.0,11.78681
2015-04-14 00:00:00.0,8.954166
2015-04-15 00:00:00.0,7.938891
2012-12-17 00:00:00.0,-999.99
2014-08-14 00:00:00.0,N/A
2015-04-18 00:00:00.0,10.48542
2015-04-19 00:00:00.0,9.960415
2015-04-20 00:00:00.0,10.55417
2015-04-21 00:00:00.0,7.203474
2015-04-22 00:00:00.0,7.331945
2019-07-29 00:00:00.0,N/A
2015-04-24 00:00:00.0,12.75348
2015-04-25 00:00:00.0,9.05764
2015-04-26 00:00:00.0,10.47708
2015-04-27 00:00:00.0,12.50278
2015-04-28 00:00:00.0,11.21737
2015-04-29 00:00:00.0,9.233334
2015-04-30 00:00:00.0,8.5
2015-05-01 00:00:00.0,10.75278
2015-05-02 00:00:00.0,6.153471
2015-05-03 00:00:00.0,8.44236
2015-05-04 00:00:00.0,9.422916
2020-06-12 00:00:00.0,N/A
2012-02-19 00:00:00.0,N/A
2015-05-07 00:00:00.0,7.263194
2015-05-08 00:00:00.0,6.484027
2015-05-09 00:00:00.0,8.997222
2015-05-10 00:00:00.0,7.695139
2015-05-11 00:00:00.0,10.01597
2015-05-12 00:00:00.0,9.375695
2015-05-13 00:00:00.0,11.47639
2015-05-14 00:00:00.0,11.0007
2015-05-15 00:00:00.0,13.02361
2015-05-16 00:00:00.0,13.84792
2015-05-17 00:00:00.0,7.105555
2015-05-18 00:00:00.0,6.167361
2015-05-19 00:00:00.0,8.856252
2015-05-20 00:00:00.0,8.897916
2015-05-21 00:00:00.0,7.683332
2015-05-22 00:00:00.0,8.112502
2015-05-23 00:00:00.0,5.788889
2015-05-24 00:00:00.0,5.473611
2017-07-30 00:00:00.0,N/A
2014-10-27 00:00:00.0,-999.99
2015-05-27 00:00:00.0,3.879167
2015-05-28 00:00:00.0,6.391666
2011-09-19 00:00:00.0,N/A
2015-05-30 00:00:00.0,7.788195
2015-05-31 00:00:00.0,7.759723
2015-06-01 00:00:00.0,9.42014
2015-06-02 00:00:00.0,10.30972
2015-06-03 00:00:00.0,7.904861
2015-06-04 00:00:00.0,6.90139
2013-09-05 00:00:00.0,N/A
2015-06-06 00:00:00.0,NA
2015-06-07 00:00:00.0,NA
2015-06-08 00:00:00.0,NA
2014-08-20 00:00:00.0,N/A
2019-04-22 00:00:00.0,N/A
2015-06-11 00:00:00.0,6.495138
2017-09-10 00:00:00.0,-999.99
2015-06-13 00:00:00.0,5.45139
2015-06-14 00:00:00.0,5.296529
2015-06-15 00:00:00.0,8.014583
2015-06-16 00:00:00.0,7.597222
2015-06-17 00:00:00.0,2.268055
2015-06-18 00:00:00.0,-1.677083
2015-06-19 00:00:00.0,1.108333
2013-08-29 00:00:00.0,-999.99
2015-06-21 00:00:00.0,6.565279
2015-06-22 00:00:00.0,0.4819444
2015-06-23 00:00:00.0,1.614583
2015-06-24 00:00:00.0,1.002083
2015-06-25 00:00:00.0,7.076389
2016-09-18 00:00:00.0,N/A
2015-06-27 00:00:00.0,4.894445
2015-06-28 00:00:00.0,6.599309
2016-05-19 00:00:00.0,-999.99
2016-10-06 00:00:00.0,-999.99
2018-10-07 00:00:00.0,-999.99
2015-07-02 00:00:00.0,6.038889
2017-09-13 00:00:00.0,N/A
2015-07-04 00:00:00.0,-0.1048617
2015-07-05 00:00:00.0,5.488889
2015-07-06 00:00:00.0,5.761806
2015-07-07 00:00:00.0,6.799307
2012-05-27 00:00:00.0,N/A
2011-11-06 00:00:00.0,-999.99
2017-11-13 00:00:00.0,N/A
2020-01-10 00:00:00.0,-999.99
2015-07-12 00:00:00.0,1.011111
2019-08-25 00:00:00.0,N/A
2015-07-14 00:00:00.0,4.149998
2015-07-15 00:00:00.0,5.245832
2015-07-16 00:00:00.0,4.583333
2015-07-17 00:00:00.0,2.846527
2015-01-16 00:00:00.0,-999.99
2020-05-28 00:00:00.0,-999.99
2015-07-20 00:00:00.0,2.506945
2015-07-21 00:00:00.0,6.789583
2011-06-05 00:00:00.0,-999.99
2015-07-23 00:00:00.0,9.41736
2015-07-24 00:00:00.0,4.797223
2015-07-25 00:00:00.0,7.262498
2015-07-26 00:00:00.0,NA
2015-07-27 00:00:00.0,NA
2015-07-28 00:00:00.0,NA
2017-09-27 00:00:00.0,N/A
2015-07-30 00:00:00.0,6.848612
2015-07-31 00:00:00.0,5.663889
2015-08-01 00:00:00.0,3.622222
2015-08-02 00:00:00.0,3.93125
2015-08-03 00:00:00.0,5.231945
2015-08-04 00:00:00.0,4.968054
2015-08-05 00:00:00.0,7.550001
2015-08-06 00:00:00.0,NA
2015-08-07 00:00:00.0,5.081251
2015-08-08 00:00:00.0,3.504861
2015-08-09 00:00:00.0,NA
2018-03-06 00:00:00.0,-999.99
2015-08-11 00:00:00.0,3.985417
2015-08-12 00:00:00.0,3.239583
2015-08-13 00:00:00.0,NA
2015-08-14 00:00:00.0,3.352778
2015-08-15 00:00:00.0,4.270833
2015-08-16 00:00:00.0,4.42639
2015-08-17 00:00:00.0,6.924308
2015-08-18 00:00:00.0,7.562502
2015-08-19 00:00:00.0,6.343057
2015-08-20 00:00:00.0,6.435418
2015-08-21 00:00:00.0,6.086805
2015-08-22 00:00:00.0,6.03264
2015-08-15 00:00:00.0,N/A
2015-08-24 00:00:00.0,4.665277
2015-08-25 00:00:00.0,NA
2015-08-26 00:00:00.0,7.599305
2015-08-27 00:00:00.0,7.314581
2015-08-28 00:00:00.0,4.457639
2015-08-29 00:00:00.0,NA
2015-08-30 00:00:00.0,6.413888
2015-12-18 00:00:00.0,-999.99
2015-09-01 00:00:00.0,5.672221
2015-09-02 00:00:00.0,3.515972
2015-09-03 00:00:00.0,3.592361
2015-09-04 00:00:00.0,4.624304
2015-09-05 00:00:00.0,4.903472
2019-02-28 00:00:00.0,-999.99
2015-09-07 00:00:00.0,7.77639
2015-09-08 00:00:00.0,3.756945
2019-09-22 00:00:00.0,N/A
2015-02-27 00:00:00.0,N/A
2015-09-11 00:00:00.0,6.217362
2015-09-12 00:00:00.0,7.618055
2017-10-04 00:00:00.0,-999.99
2015-09-14 00:00:00.0,7.852778
2015-09-15 00:00:00.0,4.267361
2015-09-16 00:00:00.0,3.716667
2015-09-17 00:00:00.0,5.215973
2015-09-18 00:00:00.0,5.993055
2015-09-19 00:00:00.0,5.290972
2019-07-07 00:00:00.0,-999.99
2015-09-21 00:00:00.0,5.584721
2017-03-15 00:00:00.0,N/A
2015-09-23 00:00:00.0,8.213493
2015-09-24 00:00:00.0,7.332639
2015-09-25 00:00:00.0,7.123611
2015-09-26 00:00:00.0,6.290972
2018-04-28 00:00:00.0,-999.99
2015-09-28 00:00:00.0,7.438195
2015-09-29 00:00:00.0,5.966666
2015-09-30 00:00:00.0,9.346526
2015-10-01 00:00:00.0,7.591666
2015-10-02 00:00:00.0,6.1375
2011-09-03 00:00:00.0,-999.99
2015-10-04 00:00:00.0,9.042364
2015-10-05 00:00:00.0,7.183332
2015-10-06 00:00:00.0,4.350695
2015-10-07 00:00:00.0,5.055555
2015-10-08 00:00:00.0,3.872222
2015-10-09 00:00:00.0,5.548613
2015-10-10 00:00:00.0,6.546527
2015-10-11 00:00:00.0,7.514584
2015-10-12 00:00:00.0,8.113889
2015-10-13 00:00:00.0,8.635418
2015-10-14 00:00:00.0,8.176388
2015-10-15 00:00:00.0,6.565972
2015-10-16 00:00:00.0,5.132639
2015-10-17 00:00:00.0,7.125
2017-10-29 00:00:00.0,N/A
2015-10-19 00:00:00.0,9.839585
2015-10-20 00:00:00.0,9.964583
2015-10-21 00:00:00.0,8.704859
2015-10-22 00:00:00.0,6.442361
2019-02-23 00:00:00.0,N/A
2015-10-24 00:00:00.0,8.793751
2015-10-25 00:00:00.0,7.868749
2015-10-26 00:00:00.0,10.86806
2015-10-27 00:00:00.0,9.890972
2016-06-02 00:00:00.0,-999.99
2015-10-29 00:00:00.0,8.700694
2015-10-30 00:00:00.0,7.954863
2015-10-31 00:00:00.0,8.077084
2015-11-01 00:00:00.0,10.49236
2015-11-02 00:00:00.0,11.05903
2015-11-03 00:00:00.0,13.30764
2015-11-04 00:00:00.0,14.48333
2020-08-24 00:00:00.0,-999.99
2015-11-06 00:00:00.0,15.20556
2015-11-07 00:00:00.0,14.02083
2015-11-08 00:00:00.0,11.7625
2015-11-09 00:00:00.0,9.472917
2015-11-10 00:00:00.0,13.33194
2015-11-11 00:00:00.0,14.10556
2020-06-19 00:00:00.0,-999.99
2015-11-13 00:00:00.0,11.96805
2015-11-14 00:00:00.0,12.67708
2015-11-15 00:00:00.0,11.75695
2015-10-24 00:00:00.0,N/A
2015-11-17 00:00:00.0,7.000001
2015-11-18 00:00:00.0,6.772223
2015-11-19 00:00:00.0,6.052083
2015-11-20 00:00:00.0,9.143056
2015-11-21 00:00:00.0,10.41597
2015-11-22 00:00:00.0,10.46458
2013-02-09 00:00:00.0,N/A
2012-05-03 00:00:00.0,-999.99
2015-11-25 00:00:00.0,10.39861
2020-07-09 00:00:00.0,-999.99
2017-05-27 00:00:00.0,N/A
2015-11-28 00:00:00.0,11.66853
2015-11-29 00:00:00.0,13.61736
2015-11-30 00:00:00.0,14.16643
2015-12-01 00:00:00.0,15.17084
2015-12-02 00:00:00.0,16.07708
2015-12-03 00:00:00.0,16.27917
2015-12-04 00:00:00.0,16.94653
2015-12-05 00:00:00.0,18.34444
2015-12-06 00:00:00.0,17.26945
2015-12-07 00:00:00.0,14.20695
2015-12-08 00:00:00.0,13.37917
2015-12-09 00:00:00.0,14.80208
2015-12-10 00:00:00.0,14.56319
2015-12-11 00:00:00.0,12.44166
2015-12-12 00:00:00.0,12.73264
2015-12-13 00:00:00.0,12.31667
2015-12-14 00:00:00.0,10.42292
2012-06-14 00:00:00.0,N/A
2012-10-02 00:00:00.0,-999.99
2015-12-17 00:00:00.0,9.65486
2019-06-22 00:00:00.0,N/A
2015-12-19 00:00:00.0,13.6375
2015-12-20 00:00:00.0,15.52501
2015-12-21 00:00:00.0,13.2118
2015-12-22 00:00:00.0,11.19028
2015-12-23 00:00:00.0,8.711112
2011-06-07 00:00:00.0,N/A
2015-12-25 00:00:00.0,14.84097
2015-12-26 00:00:00.0,16.26041
2015-12-27 00:00:00.0,15.95525
2012-03-11 00:00:00.0,-999.99
2017-09-21 00:00:00.0,-999.99
2015-12-30 00:00:00.0,16.53473
2017-12-31 00:00:00.0,-999.99
2016-01-01 00:00:00.0,17.65833
2016-01-02 00:00:00.0,18.0382
2016-01-03 00:00:00.0,16.24514
2014-11-04 00:00:00.0,N/A
2016-01-05 00:00:00.0,15.96154
2016-01-06 00:00:00.0,19.08889
2016-01-07 00:00:00.0,18.99236
2016-01-08 00:00:00.0,19.97917
2011-09-10 00:00:00.0,N/A
2016-01-10 00:00:00.0,18.01597
2016-01-11 00:00:00.0,18.29445
2015-04-12 00:00:00.0,N/A
2016-01-13 00:00:00.0,17.07084
2016-01-14 00:00:00.0,17.45834
2016-01-15 00:00:00.0,16.59166
2016-01-16 00:00:00.0,16.00555
2016-12-01 00:00:00.0,N/A
2019-10-07 00:00:00.0,N/A
2011-11-05 00:00:00.0,N/A
2011-08-06 00:00:00.0,N/A
2016-07-30 00:00:00.0,-999.99
2018-12-01 00:00:00.0,-999.99
2018-10-03 00:00:00.0,-999.99
2016-01-24 00:00:00.0,17.69583
2016-01-25 00:00:00.0,15.09236
2016-01-26 00:00:00.0,14.34444
2016-01-27 00:00:00.0,14.7375
2016-01-28 00:00:00.0,17.10139
2016-01-29 00:00:00.0,17.88819
2016-01-30 00:00:00.0,17.90625
2016-01-31 00:00:00.0,23.70764
2016-02-01 00:00:00.0,25.70972
2016-02-02 00:00:00.0,24.44999
2016-02-03 00:00:00.0,18.50069
2016-02-04 00:00:00.0,14.99861
2019-09-05 00:00:00.0,N/A
2016-02-06 00:00:00.0,16.30486
2016-02-07 00:00:00.0,16.175
2016-02-08 00:00:00.0,16.70348
2016-02-09 00:00:00.0,17.8611
2016-02-10 00:00:00.0,17.92777
2016-02-11 00:00:00.0,20.90556
2016-02-12 00:00:00.0,17.02361
2016-02-13 00:00:00.0,13.74028
2016-02-14 00:00:00.0,15.06389
2016-02-15 00:00:00.0,16.14722
2020-08-23 00:00:00.0,-999.99
2013-07-12 00:00:00.0,N/A
2016-02-18 00:00:00.0,12.47083
2016-02-19 00:00:00.0,14.23958
2016-02-20 00:00:00.0,17.3236
2015-01-25 00:00:00.0,N/A
2016-02-22 00:00:00.0,18.4382
2014-09-25 00:00:00.0,-999.99
2016-02-24 00:00:00.0,14.66319
2012-06-28 00:00:00.0,-999.99
2016-02-26 00:00:00.0,12.44861
2016-02-27 00:00:00.0,13.61041
2016-02-28 00:00:00.0,13.95764
2016-02-29 00:00:00.0,14.54444
2016-03-01 00:00:00.0,15.58472
2016-03-02 00:00:00.0,20.67986
2016-03-03 00:00:00.0,16.90347
2016-03-04 00:00:00.0,15.03264
2016-03-05 00:00:00.0,17.61528
2016-03-06 00:00:00.0,15.54097
2016-03-07 00:00:00.0,15.62707
2016-03-08 00:00:00.0,16.45347
2011-12-29 00:00:00.0,N/A
2016-03-10 00:00:00.0,13.14167
2016-03-11 00:00:00.0,17.16111
2016-03-12 00:00:00.0,17.04445
2016-03-13 00:00:00.0,17.37569
2016-03-14 00:00:00.0,14.72709
2013-01-15 00:00:00.0,N/A
2016-03-16 00:00:00.0,13.90208
2016-03-17 00:00:00.0,13.94514
2016-03-18 00:00:00.0,11.3243
2016-03-19 00:00:00.0,11.42361
2016-03-20 00:00:00.0,11.57847
2016-03-21 00:00:00.0,11.68472
2016-03-22 00:00:00.0,15.34583
2020-02-25 00:00:00.0,-999.99
2016-03-24 00:00:00.0,10.73125
2016-03-25 00:00:00.0,11.8875
2012-02-13 00:00:00.0,-999.99
2016-03-27 00:00:00.0,16.19375
2016-03-28 00:00:00.0,14.06181
2016-03-29 00:00:00.0,12.96111
2020-04-14 00:00:00.0,-999.99
2012-01-15 00:00:00.0,N/A
2016-04-01 00:00:00.0,9.145834
2016-04-02 00:00:00.0,10.51458
2016-04-03 00:00:00.0,9.988888
2016-04-04 00:00:00.0,13.64375
2019-01-19 00:00:00.0,N/A
2020-03-31 00:00:00.0,-999.99
2016-04-07 00:00:00.0,10.93541
2016-04-08 00:00:00.0,6.23125
2016-04-09 00:00:00.0,8.197222
2016-04-10 00:00:00.0,10.79722
2016-04-11 00:00:00.0,10.8493
2016-04-12 00:00:00.0,13.46389
2016-04-13 00:00:00.0,12.08125
2018-02-27 00:00:00.0,-999.99
2016-04-15 00:00:00.0,11.02222
2016-06-20 00:00:00.0,-999.99
2016-04-17 00:00:00.0,NA
2016-04-18 00:00:00.0,NA
2016-04-19 00:00:00.0,NA
2016-04-20 00:00:00.0,NA
2016-04-21 00:00:00.0,NA
2016-04-22 00:00:00.0,NA
2016-04-23 00:00:00.0,NA
2016-04-24 00:00:00.0,NA
2016-04-25 00:00:00.0,NA
2018-10-14 00:00:00.0,N/A
2018-05-20 00:00:00.0,-999.99
2016-04-28 00:00:00.0,NA
2016-04-29 00:00:00.0,NA
2016-04-30 00:00:00.0,NA
2016-05-01 00:00:00.0,NA
2016-05-02 00:00:00.0,NA
2019-02-17 00:00:00.0,-999.99
2016-05-04 00:00:00.0,NA
2016-05-06 00:00:00.0,NA
2013-07-12 00:00:00.0,N/A
2018-05-19 00:00:00.0,N/A
2016-09-13 00:00:00.0,-999.99
2016-05-10 00:00:00.0,NA
2016-05-11 00:00:00.0,NA
2016-05-12 00:00:00.0,NA
2016-05-13 00:00:00.0,NA
2016-05-15 00:00:00.0,NA
2016-05-16 00:00:00.0,NA
2016-05-18 00:00:00.0,NA
2016-05-19 00:00:00.0,NA
2016-05-20 00:00:00.0,NA
2016-05-21 00:00:00.0,NA
2016-05-22 00:00:00.0,NA
2016-05-23 00:00:00.0,NA
2016-05-24 00:00:00.0,NA
2016-05-27 00:00:00.0,NA
2016-08-28 00:00:00.0,N/A
2016-05-29 00:00:00.0,NA
2016-05-30 00:00:00.0,NA
2016-05-31 00:00:00.0,NA
2016-06-01 00:00:00.0,NA
2016-08-01 00:00:00.0,N/A
2016-06-03 00:00:00.0,NA
2016-06-04 00:00:00.0,NA
2019-06-27 00:00:00.0,-999.99
2016-06-06 00:00:00.0,NA
2016-06-07 00:00:00.0,NA
2016-06-08 00:00:00.0,NA
2016-11-02 00:00:00.0,N/A
2016-06-10 00:00:00.0,NA
2016-06-11 00:00:00.0,NA
2016-06-12 00:00:00.0,NA
2016-06-14 00:00:00.0,NA
2015-03-21 00:00:00.0,-999.99
2016-06-16 00:00:00.0,NA
2016-06-17 00:00:00.0,NA
2016-06-18 00:00:00.0,NA
2016-06-19 00:00:00.0,NA
2016-06-20 00:00:00.0,NA
2016-03-15 00:00:00.0,-999.99
2016-06-22 00:00:00.0,NA
2016-06-23 00:00:00.0,NA
2016-06-24 00:00:00.0,NA
2016-06-25 00:00:00.0,NA
2016-06-26 00:00:00.0,NA
2016-06-27 00:00:00.0,NA
2016-06-28 00:00:00.0,NA
2016-06-29 00:00:00.0,NA
2016-06-30 00:00:00.0,NA
2016-07-01 00:00:00.0,NA
2016-07-03 00:00:00.0,NA
2017-03-23 00:00:00.0,N/A
2016-07-05 00:00:00.0,NA
2016-07-06 00:00:00.0,NA
2016-07-07 00:00:00.0,NA
2016-07-08 00:00:00.0,NA
2016-07-09 00:00:00.0,NA
2016-07-10 00:00:00.0,NA
2016-07-11 00:00:00.0,NA
2016-07-12 00:00:00.0,NA
2016-07-13 00:00:00.0,1.810417
2016-07-14 00:00:00.0,3.386806
2013-06-06 00:00:00.0,N/A
2016-07-16 00:00:00.0,2.18125
2016-07-17 00:00:00.0,2.105555
2015-11-30 00:00:00.0,-999.99
2016-07-19 00:00:00.0,3.738888
2014-11-06 00:00:00.0,N/A
2015-11-23 00:00:00.0,-999.99
2013-02-13 00:00:00.0,N/A
2016-07-23 00:00:00.0,0.1625
2016-07-24 00:00:00.0,0.2048611
2016-07-25 00:00:00.0,2.024305
2016-07-26 00:00:00.0,3.115278
2017-05-29 00:00:00.0,-999.99
2016-07-28 00:00:00.0,2.491667
2016-07-29 00:00:00.0,3.537499
2016-07-30 00:00:00.0,5.122917
2018-11-21 00:00:00.0,-999.99
2016-08-01 00:00:00.0,5.27986
2019-12-09 00:00:00.0,-999.99
2016-08-03 00:00:00.0,4.49375
2016-08-04 00:00:00.0,6.080556
2016-08-05 00:00:00.0,6.134028
2016-08-06 00:00:00.0,7.839581
2016-08-07 00:00:00.0,8.114585
2016-08-08 00:00:00.0,7.974999
2017-12-04 00:00:00.0,-999.99
2012-02-04 00:00:00.0,-999.99
2016-08-11 00:00:00.0,6.312501
2016-08-12 00:00:00.0,5.550695
2016-08-13 00:00:00.0,6.143054
2016-08-14 00:00:00.0,4.971528
2019-09-01 00:00:00.0,-999.99
2016-08-16 00:00:00.0,3.684722
2016-08-17 00:00:00.0,3.531945
2016-08-18 00:00:00.0,4.070138
2016-08-19 00:00:00.0,3.883334
2012-05-01 00:00:00.0,-999.99
2016-08-21 00:00:00.0,5.697916
2015-09-27 00:00:00.0,-999.99
2016-08-23 00:00:00.0,7.755556
2016-08-24 00:00:00.0,5.252778
2016-08-25 00:00:00.0,8.540278
2016-08-26 00:00:00.0,5.172027
2016-08-27 00:00:00.0,2.984722
2016-08-28 00:00:00.0,3.341668
2020-07-21 00:00:00.0,N/A
2016-08-30 00:00:00.0,7.155556
2016-08-31 00:00:00.0,3.807639
2016-09-01 00:00:00.0,4.006945
2016-09-02 00:00:00.0,3.25
2019-11-01 00:00:00.0,N/A
2012-12-18 00:00:00.0,N/A
2019-11-12 00:00:00.0,N/A
2017-07-15 00:00:00.0,N/A
2019-03-12 00:00:00.0,N/A
2016-09-08 00:00:00.0,6.696527
2019-07-12 00:00:00.0,N/A
2016-09-10 00:00:00.0,3.970833
2014-08-18 00:00:00.0,-999.99
2016-09-12 00:00:00.0,7.385415
2016-09-13 00:00:00.0,9.131947
2016-09-14 00:00:00.0,5.086111
2016-09-15 00:00:00.0,8.879859
2016-09-16 00:00:00.0,9.224306
2016-09-17 00:00:00.0,7.16111
2016-09-18 00:00:00.0,9.51597
2016-09-19 00:00:00.0,11.10625
2016-09-20 00:00:00.0,10.27292
2016-09-21 00:00:00.0,7.483332
2019-09-24 00:00:00.0,-999.99
2016-09-23 00:00:00.0,8.723612
2016-09-24 00:00:00.0,8.390278
2016-09-25 00:00:00.0,9.440279
2016-09-26 00:00:00.0,9.71111
2016-09-27 00:00:00.0,11.08264
2016-09-28 00:00:00.0,8.999305
2016-09-29 00:00:00.0,10.46805
2016-09-30 00:00:00.0,7.773611
2016-10-01 00:00:00.0,7.702083
2016-10-02 00:00:00.0,8.325694
2016-10-03 00:00:00.0,8.66736
2016-10-04 00:00:00.0,7.490278
2017-07-13 00:00:00.0,N/A
2016-10-06 00:00:00.0,9.141666
2016-10-07 00:00:00.0,6.397223
2016-10-08 00:00:00.0,6.624306
2016-10-09 00:00:00.0,8.201388
2016-10-10 00:00:00.0,6.243751
2016-10-11 00:00:00.0,8.152777
2016-10-12 00:00:00.0,7.455554
2011-12-24 00:00:00.0,-999.99
2016-10-14 00:00:00.0,7.894445
2016-10-15 00:00:00.0,5.471527
2018-01-27 00:00:00.0,N/A
2016-10-17 00:00:00.0,8.088194
2016-10-18 00:00:00.0,6.635417
2016-10-19 00:00:00.0,9.302086
2016-10-20 00:00:00.0,9.435414
2011-07-24 00:00:00.0,-999.99
2016-10-22 00:00:00.0,12.74236
2018-03-13 00:00:00.0,-999.99
2016-10-24 00:00:00.0,11.89723
2016-10-31 00:00:00.0,N/A
2016-10-26 00:00:00.0,13.49166
2016-10-27 00:00:00.0,15.20625
2011-10-07 00:00:00.0,N/A
2016-10-29 00:00:00.0,12.17431
2016-10-30 00:00:00.0,11.325
2017-10-24 00:00:00.0,-999.99
2016-11-01 00:00:00.0,6.257639
2016-11-02 00:00:00.0,7.830554
2016-11-03 00:00:00.0,11.79653
2016-11-04 00:00:00.0,13.65903
2016-11-05 00:00:00.0,13.8875
2016-12-21 00:00:00.0,-999.99
2016-11-07 00:00:00.0,9.98125
2016-11-08 00:00:00.0,11.29861
2016-11-09 00:00:00.0,10.81319
2015-01-25 00:00:00.0,-999.99
2016-11-11 00:00:00.0,11.40486
2016-11-12 00:00:00.0,10.40139
2016-11-13 00:00:00.0,10.35069
2016-11-14 00:00:00.0,9.913888
2016-11-15 00:00:00.0,7.152777
2016-11-16 00:00:00.0,8.397221
2017-04-24 00:00:00.0,N/A
2016-11-18 00:00:00.0,12.41389
2016-11-19 00:00:00.0,13.83958
2016-11-20 00:00:00.0,15.89445
2016-11-21 00:00:00.0,17.46736
2015-06-27 00:00:00.0,N/A
2016-11-23 00:00:00.0,17.83334
2016-11-24 00:00:00.0,16.37431
2016-11-25 00:00:00.0,16.22014
2016-11-26 00:00:00.0,13.39514
2020-08-13 00:00:00.0,-999.99
2016-11-28 00:00:00.0,15.16945
2020-02-26 00:00:00.0,N/A
2015-10-15 00:00:00.0,N/A
2016-12-01 00:00:00.0,17.04375
2016-12-02 00:00:00.0,15.71111
2017-03-22 00:00:00.0,N/A
2016-12-04 00:00:00.0,13.4382
2016-12-05 00:00:00.0,10.12639
2016-12-06 00:00:00.0,13.17361
2016-12-07 00:00:00.0,13.2882
2016-12-08 00:00:00.0,14.80833
2016-12-09 00:00:00.0,16.5493
2013-10-02 00:00:00.0,N/A
2016-12-11 00:00:00.0,14.23472
2016-12-12 00:00:00.0,11.58472
2016-12-13 00:00:00.0,11.05069
2016-12-14 00:00:00.0,13.20069
2016-12-15 00:00:00.0,17.69792
2016-12-16 00:00:00.0,16.51736
2016-09-24 00:00:00.0,N/A
2016-12-18 00:00:00.0,13.84792
2016-12-19 00:00:00.0,13.28542
2016-12-20 00:00:00.0,13.32361
2016-06-11 00:00:00.0,N/A
2019-05-15 00:00:00.0,N/A
2012-08-30 00:00:00.0,N/A
2020-04-12 00:00:00.0,-999.99
2017-03-09 00:00:00.0,N/A
2011-11-06 00:00:00.0,N/A
2013-09-18 00:00:00.0,-999.99
2016-12-28 00:00:00.0,17.2507
2016-12-29 00:00:00.0,17.98611
2015-02-04 00:00:00.0,N/A
2016-12-31 00:00:00.0,14.67639
2016-09-04 00:00:00.0,N/A
2017-01-02 00:00:00.0,13.55139
2017-01-03 00:00:00.0,10.79653
2017-01-04 00:00:00.0,10.90486
2017-01-05 00:00:00.0,12.57639
2017-01-06 00:00:00.0,15.02917
2017-01-07 00:00:00.0,14.83195
2017-01-08 00:00:00.0,14.05069
2017-01-09 00:00:00.0,11.70486
2017-01-10 00:00:00.0,11.06389
2017-01-11 00:00:00.0,NA
2017-01-12 00:00:00.0,15.77639
2017-01-13 00:00:00.0,15.75139
2017-01-14 00:00:00.0,15.91189
2019-08-07 00:00:00.0,-999.99
2013-01-04 00:00:00.0,N/A
2017-01-17 00:00:00.0,13.96805
2017-01-18 00:00:00.0,15.47972
2017-01-19 00:00:00.0,17.35347
2015-01-06 00:00:00.0,-999.99
2017-01-21 00:00:00.0,17.92918
2017-01-22 00:00:00.0,16.42986
2020-02-17 00:00:00.0,-999.99
2017-01-24 00:00:00.0,16.76805
2017-01-25 00:00:00.0,17.85973
2017-01-26 00:00:00.0,19.28541
2017-10-18 00:00:00.0,-999.99
2011-11-17 00:00:00.0,-999.99
2019-08-02 00:00:00.0,N/A
2017-01-30 00:00:00.0,16.04445
2017-01-31 00:00:00.0,13.32431
2017-02-01 00:00:00.0,15.53264
2017-02-02 00:00:00.0,16.56736
2017-02-03 00:00:00.0,15.67848
2017-02-04 00:00:00.0,15.83958
2017-02-05 00:00:00.0,15.36458
2017-02-06 00:00:00.0,16.2757
2017-10-20 00:00:00.0,N/A
2017-02-08 00:00:00.0,15.88611
2017-02-09 00:00:00.0,15.25417
2017-02-10 00:00:00.0,14.17847
2017-02-11 00:00:00.0,16.62916
2017-02-12 00:00:00.0,17.59861
2015-11-06 00:00:00.0,-999.99
2017-02-14 00:00:00.0,18.9
2017-02-15 00:00:00.0,19.97292
2017-02-16 00:00:00.0,15.97153
2017-02-17 00:00:00.0,10.36736
2017-02-18 00:00:00.0,11.78542
2018-07-07 00:00:00.0,N/A
2017-02-20 00:00:00.0,18.42361
2017-02-21 00:00:00.0,18.95903
2020-08-12 00:00:00.0,N/A
2017-02-23 00:00:00.0,18.68542
2017-02-24 00:00:00.0,18.65208
2017-02-25 00:00:00.0,19.45347
2017-02-26 00:00:00.0,19.44236
2017-02-27 00:00:00.0,17.79305
2017-02-28 00:00:00.0,16.90139
2017-03-01 00:00:00.0,13.83611
2017-03-02 00:00:00.0,12.75416
2017-03-03 00:00:00.0,13.12292
2016-02-14 00:00:00.0,-999.99
2017-03-05 00:00:00.0,13.07133
2017-03-06 00:00:00.0,11.82708
2018-07-28 00:00:00.0,N/A
2017-09-15 00:00:00.0,N/A
2017-03-09 00:00:00.0,8.738196
2011-06-26 00:00:00.0,-999.99
2017-03-11 00:00:00.0,8.352084
2017-03-12 00:00:00.0,12.06181
2017-03-13 00:00:00.0,15.55315
2017-03-14 00:00:00.0,13.24931
2017-03-15 00:00:00.0,13.44965
2017-03-16 00:00:00.0,13.275
2017-03-17 00:00:00.0,11.94126
2017-12-06 00:00:00.0,-999.99
2017-03-19 00:00:00.0,13.85139
2017-03-20 00:00:00.0,11.87153
2017-03-21 00:00:00.0,13.17917
2017-03-22 00:00:00.0,14.39375
2017-03-23 00:00:00.0,14.61458
2017-03-24 00:00:00.0,12.74584
2017-03-25 00:00:00.0,13.78264
2017-03-26 00:00:00.0,13.64514
2017-03-27 00:00:00.0,12.77847
2016-10-15 00:00:00.0,N/A
2017-03-29 00:00:00.0,16.43612
2017-03-30 00:00:00.0,14.00833
2017-03-31 00:00:00.0,11.05694
2017-04-01 00:00:00.0,13.41945
2011-11-05 00:00:00.0,-999.99
2017-04-03 00:00:00.0,13.39722
2017-04-04 00:00:00.0,12.26806
2017-04-05 00:00:00.0,11.34931
2017-04-06 00:00:00.0,10.33333
2017-04-07 00:00:00.0,8.220836
2017-04-08 00:00:00.0,7.098609
2019-03-12 00:00:00.0,-999.99
2017-04-10 00:00:00.0,11.95833
2017-04-11 00:00:00.0,10.32639
2017-04-12 00:00:00.0,10.22708
2017-04-13 00:00:00.0,9.531249
2017-04-14 00:00:00.0,12.40486
2017-04-15 00:00:00.0,13.44445
2017-04-16 00:00:00.0,9.786111
2016-06-21 00:00:00.0,-999.99
2017-04-18 00:00:00.0,14.25278
2012-06-11 00:00:00.0,N/A
2017-04-20 00:00:00.0,12.27153
2017-04-21 00:00:00.0,10.19375
2017-11-22 00:00:00.0,-999.99
2017-04-23 00:00:00.0,8.409026
2017-04-24 00:00:00.0,8.917362
2017-04-25 00:00:00.0,7.843748
2012-01-01 00:00:00.0,N/A
2013-10-05 00:00:00.0,N/A
2017-04-28 00:00:00.0,13.35417
2017-04-29 00:00:00.0,12.47222
2017-04-30 00:00:00.0,14.44028
2017-05-01 00:00:00.0,8.620141
2017-05-02 00:00:00.0,10.51667
2017-05-03 00:00:00.0,7.869442
2017-05-04 00:00:00.0,13.41319
2017-05-05 00:00:00.0,13.42291
2017-05-06 00:00:00.0,10.7618
2017-05-07 00:00:00.0,8.383336
2012-06-04 00:00:00.0,N/A
2017-05-09 00:00:00.0,7.020139
2017-05-10 00:00:00.0,8.339582
2015-09-08 00:00:00.0,-999.99
2018-01-06 00:00:00.0,N/A
2016-02-23 00:00:00.0,-999.99
2017-05-14 00:00:00.0,9.083332
2017-05-15 00:00:00.0,8.707638
2014-11-25 00:00:00.0,-999.99
2017-05-17 00:00:00.0,7.609029
2017-05-18 00:00:00.0,2.765277
2017-05-19 00:00:00.0,4.488889
2017-05-20 00:00:00.0,8.870834
2017-05-21 00:00:00.0,7.977081
2017-05-22 00:00:00.0,4.476388
2017-05-23 00:00:00.0,1.251389
2017-05-24 00:00:00.0,1.009722
2017-05-25 00:00:00.0,2.18125
2017-05-26 00:00:00.0,5.752779
2017-05-27 00:00:00.0,2.066667
2018-01-03 00:00:00.0,-999.99
2017-05-29 00:00:00.0,2.219444
2017-05-30 00:00:00.0,2.220834
2012-08-02 00:00:00.0,N/A
2017-06-01 00:00:00.0,7.899997
2017-06-02 00:00:00.0,4.988887
2017-06-03 00:00:00.0,4.163888
2017-06-04 00:00:00.0,5.041666
2017-06-05 00:00:00.0,5.124999
2017-06-06 00:00:00.0,7.856942
2017-06-07 00:00:00.0,6.573611
2017-06-08 00:00:00.0,5.318055
2013-02-26 00:00:00.0,-999.99
2017-06-10 00:00:00.0,9.074308
2017-06-11 00:00:00.0,5.873612
2017-06-12 00:00:00.0,6.668749
2019-04-17 00:00:00.0,-999.99
2017-06-14 00:00:00.0,6.811806
2017-06-15 00:00:00.0,8.245141
2017-06-16 00:00:00.0,1.397222
2017-06-17 00:00:00.0,-0.6812499
2017-06-18 00:00:00.0,2.729861
2017-06-19 00:00:00.0,1.34375
2017-06-20 00:00:00.0,0.1875004
2017-06-21 00:00:00.0,3.479167
2017-06-22 00:00:00.0,4.358335
2017-06-23 00:00:00.0,5.720139
2017-06-24 00:00:00.0,2.740972
2016-12-31 00:00:00.0,N/A
2017-06-26 00:00:00.0,5.914583
2017-06-27 00:00:00.0,5.974999
2017-06-28 00:00:00.0,8.289582
2017-06-29 00:00:00.0,7.577082
2017-06-30 00:00:00.0,6.954166
2017-07-01 00:00:00.0,7.440277
2017-07-02 00:00:00.0,4.704861
2017-07-03 00:00:00.0,5.668749
2017-07-04 00:00:00.0,5.564583
2017-07-05 00:00:00.0,5.638889
2017-07-06 00:00:00.0,5.456251
2017-07-07 00:00:00.0,0.01180551
2017-07-08 00:00:00.0,2.53125
2018-02-09 00:00:00.0,N/A
2017-07-10 00:00:00.0,3.069444
2017-07-11 00:00:00.0,-1.393056
2015-04-08 00:00:00.0,N/A
2017-07-13 00:00:00.0,4.404861
2017-07-14 00:00:00.0,1.236805
2017-07-15 00:00:00.0,-3.477777
2017-07-16 00:00:00.0,NA
2017-07-17 00:00:00.0,-4.805555
2018-07-03 00:00:00.0,-999.99
2017-07-19 00:00:00.0,8.139585
2017-07-20 00:00:00.0,8.402081
2017-07-21 00:00:00.0,8.785419
2017-07-22 00:00:00.0,8.159026
2017-07-23 00:00:00.0,4.545833
2011-09-13 00:00:00.0,-999.99
2017-07-25 00:00:00.0,3.930769
2017-07-26 00:00:00.0,7.727776
2017-07-27 00:00:00.0,7.950692
2015-10-11 00:00:00.0,N/A
2017-07-29 00:00:00.0,3.334722
2017-07-30 00:00:00.0,-0.1368062
2017-07-31 00:00:00.0,1.234028
2017-08-01 00:00:00.0,0.5694438
2017-08-02 00:00:00.0,4.288195
2017-08-03 00:00:00.0,3.087412
2017-08-04 00:00:00.0,0.327778
2011-07-24 00:00:00.0,N/A
2017-08-06 00:00:00.0,6.794445
2017-08-07 00:00:00.0,4.126389
2017-08-08 00:00:00.0,6.269444
2017-08-09 00:00:00.0,6.516667
2013-06-15 00:00:00.0,N/A
2017-08-11 00:00:00.0,4.889511
2020-08-15 00:00:00.0,-999.99
2020-06-01 00:00:00.0,-999.99
2017-08-14 00:00:00.0,5.124306
2017-08-15 00:00:00.0,5.520139
2017-08-16 00:00:00.0,6.477777
2017-08-17 00:00:00.0,8.138889
2020-01-10 00:00:00.0,N/A
2017-08-19 00:00:00.0,3.284027
2017-08-20 00:00:00.0,4.465278
2017-08-21 00:00:00.0,8.51875
2017-08-22 00:00:00.0,5.290971
2017-08-23 00:00:00.0,3.397223
2017-08-24 00:00:00.0,4.110563
2017-08-25 00:00:00.0,4.846529
2017-08-26 00:00:00.0,6.269445
2017-08-27 00:00:00.0,4.04236
2017-08-28 00:00:00.0,4.42986
2017-08-29 00:00:00.0,5.484724
2017-08-30 00:00:00.0,3.331944
2015-05-15 00:00:00.0,-999.99
2017-09-01 00:00:00.0,4.57847
2017-09-02 00:00:00.0,5.611805
2017-09-03 00:00:00.0,5.093752
2017-09-04 00:00:00.0,2.442361
2017-09-05 00:00:00.0,5.775695
2017-09-06 00:00:00.0,5.324306
2011-12-17 00:00:00.0,N/A
2017-09-08 00:00:00.0,4.895835
2017-09-09 00:00:00.0,3.438195
2017-09-10 00:00:00.0,3.44375
2017-09-11 00:00:00.0,6.877081
2017-09-12 00:00:00.0,5.455557
2012-09-10 00:00:00.0,N/A
2017-09-14 00:00:00.0,4.958333
2017-09-15 00:00:00.0,5.830556
2017-09-16 00:00:00.0,7.694444
2015-02-27 00:00:00.0,-999.99
2016-11-16 00:00:00.0,-999.99
2017-09-19 00:00:00.0,8.328473
2017-09-20 00:00:00.0,7.050694
2017-09-21 00:00:00.0,7.770833
2017-09-22 00:00:00.0,9.07292
2017-09-23 00:00:00.0,6.900695
2017-09-24 00:00:00.0,8.709723
2017-09-25 00:00:00.0,6.322915
2017-09-26 00:00:00.0,4.1875
2017-09-27 00:00:00.0,6.302776
2017-09-28 00:00:00.0,11.20209
2017-09-29 00:00:00.0,7.825
2017-09-30 00:00:00.0,6.754861
2017-10-01 00:00:00.0,6.663889
2017-10-02 00:00:00.0,6.040974
2013-05-11 00:00:00.0,-999.99
2017-10-04 00:00:00.0,6.478474
2017-10-05 00:00:00.0,4.689583
2017-10-06 00:00:00.0,6.464583
2017-10-07 00:00:00.0,5.042361
2017-10-08 00:00:00.0,7.499305
2017-10-09 00:00:00.0,5.93125
2017-10-10 00:00:00.0,5.863888
2017-10-11 00:00:00.0,6.409028
2020-05-16 00:00:00.0,N/A
2017-10-13 00:00:00.0,9.146527
2017-10-14 00:00:00.0,11.82223
2017-10-15 00:00:00.0,10.2257
2017-10-16 00:00:00.0,12.38542
2011-12-01 00:00:00.0,N/A
2015-05-21 00:00:00.0,N/A
2017-10-19 00:00:00.0,7.54236
2017-10-20 00:00:00.0,7.068055
2017-10-21 00:00:00.0,6.795833
2017-10-22 00:00:00.0,6.626388
2017-10-23 00:00:00.0,10.52986
2017-10-24 00:00:00.0,9.227779
2016-12-15 00:00:00.0,N/A
2016-03-18 00:00:00.0,-999.99
2017-10-27 00:00:00.0,10.18542
2017-10-28 00:00:00.0,6.69375
2017-10-29 00:00:00.0,4.179166
2017-10-30 00:00:00.0,7.932636
2017-10-31 00:00:00.0,6.754167
2018-02-19 00:00:00.0,-999.99
2017-11-02 00:00:00.0,8.853474
2017-11-03 00:00:00.0,9.543751
2017-11-04 00:00:00.0,8.738194
2017-11-05 00:00:00.0,9.421525
2017-11-06 00:00:00.0,9.635412
2016-06-18 00:00:00.0,N/A
2017-11-08 00:00:00.0,10.88958
2017-11-09 00:00:00.0,8.73147
2018-10-12 00:00:00.0,N/A
2017-11-11 00:00:00.0,11.56112
2011-06-15 00:00:00.0,-999.99
2017-11-13 00:00:00.0,13.775
2017-11-14 00:00:00.0,12.13403
2017-11-15 00:00:00.0,8.045138
2017-11-16 00:00:00.0,9.929166
2017-12-10 00:00:00.0,-999.99
2017-11-18 00:00:00.0,8.359725
2017-05-25 00:00:00.0,N/A
2017-11-20 00:00:00.0,9.735416
2017-11-21 00:00:00.0,10.72292
2017-11-22 00:00:00.0,12.16736
2017-11-23 00:00:00.0,11.23403
2011-12-10 00:00:00.0,N/A
2017-11-25 00:00:00.0,13.57639
2017-11-26 00:00:00.0,14.31875
2017-11-27 00:00:00.0,13.5868
2017-11-28 00:00:00.0,15.76459
2013-07-25 00:00:00.0,-999.99
2017-11-30 00:00:00.0,13.57014
2017-12-01 00:00:00.0,15.82153
2017-12-02 00:00:00.0,17.79583
2017-12-03 00:00:00.0,14.72709
2014-10-24 00:00:00.0,-999.99
2017-12-05 00:00:00.0,16.03611
2015-07-12 00:00:00.0,N/A
2017-12-07 00:00:00.0,15.93334
2017-12-08 00:00:00.0,14.89444
2017-12-09 00:00:00.0,13.95209
2017-12-10 00:00:00.0,18.15903
2017-12-11 00:00:00.0,16.71041
2019-04-23 00:00:00.0,N/A
2016-07-26 00:00:00.0,-999.99
2017-12-14 00:00:00.0,14.64444
2017-12-15 00:00:00.0,14.30625
2013-08-05 00:00:00.0,-999.99
2017-12-17 00:00:00.0,10.18333
2017-12-18 00:00:00.0,12.48889
2017-12-19 00:00:00.0,14.44931
2011-09-17 00:00:00.0,-999.99
2017-12-21 00:00:00.0,11.92222
2017-12-22 00:00:00.0,10.94653
2018-11-22 00:00:00.0,N/A
2017-12-24 00:00:00.0,12.65625
2015-03-22 00:00:00.0,-999.99
2012-08-22 00:00:00.0,-999.99
2017-12-27 00:00:00.0,15.04444
2017-12-28 00:00:00.0,15.83681
2017-02-01 00:00:00.0,-999.99
2017-12-30 00:00:00.0,12.16111
2017-12-31 00:00:00.0,12.95417
2018-01-01 00:00:00.0,12.68403
2018-01-02 00:00:00.0,13.30208
2018-01-03 00:00:00.0,13.15347
2018-01-04 00:00:00.0,12.09722
2019-09-15 00:00:00.0,N/A
2018-01-06 00:00:00.0,12.4632
2016-11-09 00:00:00.0,N/A
2018-01-08 00:00:00.0,15.46389
2018-01-09 00:00:00.0,17.8625
2018-01-10 00:00:00.0,18.03958
2014-09-12 00:00:00.0,N/A
2018-01-12 00:00:00.0,17.22846
2018-01-13 00:00:00.0,12.34514
2018-01-14 00:00:00.0,15.10972
2018-01-15 00:00:00.0,17.13959
2018-01-16 00:00:00.0,15.65486
2017-02-22 00:00:00.0,N/A
2018-01-18 00:00:00.0,17.40833
2017-01-12 00:00:00.0,N/A
2018-01-20 00:00:00.0,20.31251
2018-01-21 00:00:00.0,19.57916
2018-01-22 00:00:00.0,17.72639
2018-01-23 00:00:00.0,15.65695
2018-01-24 00:00:00.0,15.59583
2018-01-25 00:00:00.0,19.4375
2018-01-26 00:00:00.0,16.73472
2018-01-27 00:00:00.0,13.8875
2018-01-28 00:00:00.0,15.22361
2018-01-29 00:00:00.0,14.45764
2018-01-30 00:00:00.0,15.0
2018-01-31 00:00:00.0,12.54514
2012-08-27 00:00:00.0,N/A
2018-02-02 00:00:00.0,19.15
2018-02-03 00:00:00.0,19.13194
2018-02-04 00:00:00.0,18.87083
2018-02-05 00:00:00.0,18.68195
2018-02-06 00:00:00.0,18.5118
2018-02-07 00:00:00.0,15.83611
2018-02-08 00:00:00.0,14.37986
2018-02-09 00:00:00.0,10.47917
2018-02-10 00:00:00.0,11.95347
2018-02-11 00:00:00.0,12.18071
2019-12-28 00:00:00.0,N/A
2015-09-25 00:00:00.0,-999.99
2018-02-14 00:00:00.0,NA
2018-02-15 00:00:00.0,NA
2016-08-17 00:00:00.0,N/A
2018-02-17 00:00:00.0,NA
2018-02-18 00:00:00.0,NA
2018-02-19 00:00:00.0,NA
2018-02-20 00:00:00.0,NA
2018-02-21 00:00:00.0,NA
2018-02-22 00:00:00.0,NA
2015-04-29 00:00:00.0,N/A
2018-02-24 00:00:00.0,NA
2018-02-25 00:00:00.0,NA
2018-02-26 00:00:00.0,NA
2018-02-27 00:00:00.0,NA
2018-02-28 00:00:00.0,NA
2018-03-01 00:00:00.0,NA
2016-04-06 00:00:00.0,-999.99
2018-03-03 00:00:00.0,NA
2018-03-04 00:00:00.0,NA
2018-03-05 00:00:00.0,NA
2018-03-06 00:00:00.0,NA
2012-03-12 00:00:00.0,-999.99
2011-11-14 00:00:00.0,N/A
2018-03-09 00:00:00.0,NA
2018-03-10 00:00:00.0,NA
2018-03-11 00:00:00.0,NA
2018-03-12 00:00:00.0,NA
2018-03-13 00:00:00.0,NA
2018-03-14 00:00:00.0,NA
2012-11-27 00:00:00.0,N/A
2018-03-16 00:00:00.0,NA
2018-03-17 00:00:00.0,NA
2018-03-18 00:00:00.0,NA
2016-04-25 00:00:00.0,N/A
2018-03-20 00:00:00.0,NA
2018-03-21 00:00:00.0,NA
2018-03-22 00:00:00.0,NA
2015-02-14 00:00:00.0,N/A
2018-03-24 00:00:00.0,NA
2018-03-25 00:00:00.0,NA
2018-03-26 00:00:00.0,NA
2018-03-27 00:00:00.0,NA
2018-03-28 00:00:00.0,NA
2018-03-29 00:00:00.0,NA
2019-10-29 00:00:00.0,-999.99
2018-03-31 00:00:00.0,NA
2018-04-01 00:00:00.0,NA
2018-04-02 00:00:00.0,NA
2018-04-03 00:00:00.0,NA
2013-05-01 00:00:00.0,-999.99
2018-04-05 00:00:00.0,NA
2018-04-06 00:00:00.0,NA
2018-04-07 00:00:00.0,NA
2018-04-08 00:00:00.0,NA
2018-04-09 00:00:00.0,NA
2016-05-22 00:00:00.0,N/A
2018-04-12 00:00:00.0,NA
2018-04-13 00:00:00.0,NA
2018-04-14 00:00:00.0,NA
2018-04-15 00:00:00.0,NA
2018-04-16 00:00:00.0,NA
2018-04-17 00:00:00.0,NA
2018-04-18 00:00:00.0,NA
2018-04-19 00:00:00.0,NA
2018-04-20 00:00:00.0,NA
2018-04-21 00:00:00.0,NA
2018-04-22 00:00:00.0,NA
2018-04-23 00:00:00.0,NA
2018-04-24 00:00:00.0,NA
2018-04-25 00:00:00.0,NA
2018-04-26 00:00:00.0,NA
2018-04-27 00:00:00.0,NA
2018-04-28 00:00:00.0,NA
2018-04-29 00:00:00.0,NA
2018-04-30 00:00:00.0,NA
2018-05-01 00:00:00.0,NA
2018-05-02 00:00:00.0,NA
2018-05-03 00:00:00.0,NA
2018-05-04 00:00:00.0,NA
2018-05-05 00:00:00.0,NA
2018-05-06 00:00:00.0,NA
2020-08-30 00:00:00.0,-999.99
2018-05-08 00:00:00.0,NA
2018-05-09 00:00:00.0,NA
2018-05-10 00:00:00.0,NA
2018-05-11 00:00:00.0,NA
2020-02-16 00:00:00.0,N/A
2012-08-16 00:00:00.0,N/A
2018-05-14 00:00:00.0,NA
2018-05-15 00:00:00.0,NA
2018-05-16 00:00:00.0,NA
2018-05-17 00:00:00.0,NA
2018-05-18 00:00:00.0,NA
2018-05-19 00:00:00.0,NA
2020-04-10 00:00:00.0,N/A
2018-05-21 00:00:00.0,NA
2018-05-22 00:00:00.0,NA
2013-08-02 00:00:00.0,-999.99
2018-06-14 00:00:00.0,NA
2018-04-17 00:00:00.0,-999.99
2018-06-16 00:00:00.0,NA
2017-04-29 00:00:00.0,N/A
2016-05-23 00:00:00.0,N/A
2018-06-19 00:00:00.0,NA
2018-06-20 00:00:00.0,NA
2018-06-21 00:00:00.0,NA
2018-06-22 00:00:00.0,NA
2018-06-23 00:00:00.0,NA
2018-06-24 00:00:00.0,NA
2018-06-25 00:00:00.0,NA
2011-08-26 00:00:00.0,-999.99
2020-03-26 00:00:00.0,N/A
2018-06-28 00:00:00.0,NA
2018-07-01 00:00:00.0,NA
2018-01-09 00:00:00.0,-999.99
2018-07-03 00:00:00.0,NA
2017-01-12 00:00:00.0,-999.99
2018-07-05 00:00:00.0,NA
2018-07-06 00:00:00.0,NA
2018-07-07 00:00:00.0,NA
2018-07-08 00:00:00.0,NA
2018-07-09 00:00:00.0,NA
2018-07-10 00:00:00.0,NA
2018-07-11 00:00:00.0,NA
2018-07-14 00:00:00.0,NA
2018-07-15 00:00:00.0,NA
2018-07-16 00:00:00.0,NA
2018-07-17 00:00:00.0,NA
2018-07-18 00:00:00.0,NA
2015-12-03 00:00:00.0,N/A
2018-07-20 00:00:00.0,NA
2018-07-21 00:00:00.0,NA
2012-05-23 00:00:00.0,-999.99
2018-07-23 00:00:00.0,NA
2018-07-24 00:00:00.0,NA
2018-07-25 00:00:00.0,NA
2018-07-26 00:00:00.0,NA
2018-07-27 00:00:00.0,NA
2018-07-28 00:00:00.0,NA
2018-10-01 00:00:00.0,NA
2018-10-02 00:00:00.0,NA
2018-10-03 00:00:00.0,6.96111
2018-10-04 00:00:00.0,7.313193
2018-10-05 00:00:00.0,11.11736
2020-03-29 00:00:00.0,-999.99
2018-10-07 00:00:00.0,8.436111
2018-10-08 00:00:00.0,6.572916
2018-10-09 00:00:00.0,4.019444
2018-10-10 00:00:00.0,5.77639
2018-10-11 00:00:00.0,6.957638
2018-10-12 00:00:00.0,8.125692
2018-10-13 00:00:00.0,7.402083
2018-10-14 00:00:00.0,10.24166
2018-10-15 00:00:00.0,9.320834
2018-10-16 00:00:00.0,6.154166
2018-10-17 00:00:00.0,5.676389
2018-10-18 00:00:00.0,6.138194
2018-10-19 00:00:00.0,5.870138
2018-10-20 00:00:00.0,8.106945
2018-10-21 00:00:00.0,6.763889
2018-10-22 00:00:00.0,7.918751
2018-10-23 00:00:00.0,7.625002
2018-10-24 00:00:00.0,8.24722
2018-10-25 00:00:00.0,8.734027
2018-10-26 00:00:00.0,11.2375
2018-10-27 00:00:00.0,11.82986
2012-06-10 00:00:00.0,N/A
2018-10-29 00:00:00.0,11.56389
2018-10-30 00:00:00.0,10.45486
2020-01-25 00:00:00.0,-999.99
2018-11-01 00:00:00.0,7.836805
2017-12-06 00:00:00.0,N/A
2012-05-21 00:00:00.0,-999.99
2018-11-04 00:00:00.0,8.055553
2018-11-05 00:00:00.0,6.251389
2018-11-06 00:00:00.0,6.822222
2018-11-07 00:00:00.0,10.29792
2018-11-08 00:00:00.0,14.01458
2018-11-09 00:00:00.0,12.15972
2018-11-10 00:00:00.0,11.20139
2018-11-11 00:00:00.0,7.909722
2018-11-12 00:00:00.0,9.941669
2018-11-13 00:00:00.0,12.20972
2018-11-14 00:00:00.0,10.17431
2018-11-15 00:00:00.0,9.084723
2018-11-16 00:00:00.0,7.25486
2018-11-17 00:00:00.0,9.302797
2018-11-18 00:00:00.0,10.14825
2018-11-19 00:00:00.0,11.59441
2018-11-20 00:00:00.0,12.57431
2018-11-21 00:00:00.0,12.04583
2018-11-22 00:00:00.0,9.095835
2018-11-23 00:00:00.0,9.369445
2018-11-24 00:00:00.0,11.41041
2018-11-25 00:00:00.0,11.20139
2018-11-26 00:00:00.0,11.77916
2011-06-13 00:00:00.0,N/A
2018-11-28 00:00:00.0,14.50278
2018-11-29 00:00:00.0,13.70833
2011-12-05 00:00:00.0,-999.99
2018-12-01 00:00:00.0,12.05278
2018-04-25 00:00:00.0,N/A
2018-12-03 00:00:00.0,14.49653
2018-12-04 00:00:00.0,15.13403
2018-12-05 00:00:00.0,14.73889
2018-12-06 00:00:00.0,14.93333
2018-12-07 00:00:00.0,18.66736
2018-12-08 00:00:00.0,15.34722
2012-03-18 00:00:00.0,N/A
2018-12-10 00:00:00.0,13.11736
2018-12-11 00:00:00.0,12.04792
2018-12-12 00:00:00.0,13.00486
2018-12-13 00:00:00.0,11.91875
2015-08-26 00:00:00.0,-999.99
2018-12-15 00:00:00.0,12.10833
2018-12-16 00:00:00.0,14.25069
2018-12-17 00:00:00.0,10.88056
2018-12-18 00:00:00.0,13.70834
2018-12-19 00:00:00.0,15.26875
2018-03-11 00:00:00.0,N/A
2018-12-21 00:00:00.0,16.26319
2018-12-22 00:00:00.0,15.9375
2018-12-23 00:00:00.0,16.72846
2018-12-24 00:00:00.0,16.65556
2018-12-25 00:00:00.0,17.92291
2011-09-29 00:00:00.0,-999.99
2018-12-27 00:00:00.0,14.27361
2018-12-28 00:00:00.0,14.87709
2018-12-29 00:00:00.0,10.64722
2018-12-30 00:00:00.0,9.927082
2018-12-31 00:00:00.0,13.03681
2019-01-01 00:00:00.0,13.12361
2012-09-10 00:00:00.0,N/A
2019-01-03 00:00:00.0,13.01944
2019-01-04 00:00:00.0,14.89236
2019-01-05 00:00:00.0,16.54444
2019-01-06 00:00:00.0,15.39583
2019-01-07 00:00:00.0,11.78958
2019-01-08 00:00:00.0,8.899304
2019-01-09 00:00:00.0,7.499304
2019-01-10 00:00:00.0,9.933331
2019-01-11 00:00:00.0,10.69514
2019-01-12 00:00:00.0,13.19583
2019-01-13 00:00:00.0,13.87291
2019-01-14 00:00:00.0,15.60347
2019-01-15 00:00:00.0,17.07847
2019-01-16 00:00:00.0,13.80348
2019-01-17 00:00:00.0,12.76528
2019-01-18 00:00:00.0,17.57153
2019-01-19 00:00:00.0,18.51458
2019-01-20 00:00:00.0,17.2743
2019-01-21 00:00:00.0,15.35833
2018-10-06 00:00:00.0,-999.99
2019-01-23 00:00:00.0,13.84931
2011-11-26 00:00:00.0,N/A
2019-01-25 00:00:00.0,16.25764
2019-01-26 00:00:00.0,13.51111
2019-01-27 00:00:00.0,15.26597
2019-01-28 00:00:00.0,16.31181
2019-01-29 00:00:00.0,16.74167
2015-03-11 00:00:00.0,-999.99
2019-01-31 00:00:00.0,14.64792
2019-02-01 00:00:00.0,16.22986
2019-09-24 00:00:00.0,N/A
2019-02-03 00:00:00.0,21.79028
2019-02-04 00:00:00.0,23.11181
2019-02-05 00:00:00.0,21.27708
2019-02-06 00:00:00.0,18.32847
2019-02-07 00:00:00.0,14.46945
2019-02-08 00:00:00.0,16.3375
2019-02-09 00:00:00.0,16.04028
2019-02-10 00:00:00.0,13.43264
2015-07-24 00:00:00.0,N/A
2019-02-12 00:00:00.0,15.77014
2019-02-13 00:00:00.0,15.97847
2019-02-14 00:00:00.0,19.12847
2019-02-15 00:00:00.0,21.25903
2019-02-16 00:00:00.0,19.36945
2019-02-17 00:00:00.0,19.20625
2019-02-18 00:00:00.0,17.19791
2016-07-07 00:00:00.0,-999.99
2019-02-20 00:00:00.0,16.04861
2019-02-21 00:00:00.0,15.42431
2019-02-22 00:00:00.0,15.4875
2019-02-23 00:00:00.0,13.50555
2019-02-24 00:00:00.0,10.92361
2015-03-18 00:00:00.0,N/A
2011-10-30 00:00:00.0,N/A
2015-08-23 00:00:00.0,-999.99
2019-02-28 00:00:00.0,13.51042
2019-03-01 00:00:00.0,14.71528
2019-03-02 00:00:00.0,13.37431
2019-03-03 00:00:00.0,13.67431
2019-03-04 00:00:00.0,11.5375
2019-03-05 00:00:00.0,11.77361
2012-05-22 00:00:00.0,-999.99
2019-03-07 00:00:00.0,12.70833
2019-03-08 00:00:00.0,11.14236
2019-03-09 00:00:00.0,14.45417
2019-03-10 00:00:00.0,17.03542
2019-03-11 00:00:00.0,15.88403
2019-03-12 00:00:00.0,16.51597
2019-03-13 00:00:00.0,14.68055
2019-03-14 00:00:00.0,11.45625
2019-03-15 00:00:00.0,11.52569
2019-03-16 00:00:00.0,11.2875
2020-06-02 00:00:00.0,-999.99
2019-03-18 00:00:00.0,10.38611
2018-07-17 00:00:00.0,-999.99
2019-03-20 00:00:00.0,9.09375
2019-03-21 00:00:00.0,10.4618
2019-03-22 00:00:00.0,14.25556
2019-03-23 00:00:00.0,14.85
2019-03-24 00:00:00.0,10.62222
2019-03-25 00:00:00.0,13.5132
2019-03-26 00:00:00.0,14.01042
2019-03-27 00:00:00.0,14.10695
2019-03-28 00:00:00.0,12.0875
2019-03-29 00:00:00.0,13.28333
2019-04-27 00:00:00.0,-999.99
2019-03-31 00:00:00.0,12.08681
2019-04-01 00:00:00.0,16.00902
2019-04-02 00:00:00.0,16.28403
2019-04-03 00:00:00.0,7.982639
2019-04-04 00:00:00.0,10.64097
2019-04-05 00:00:00.0,9.242361
2019-04-06 00:00:00.0,15.70555
2019-04-07 00:00:00.0,12.30278
2019-04-08 00:00:00.0,11.68542
2019-04-09 00:00:00.0,13.98264
2019-04-22 00:00:00.0,-999.99
2019-04-11 00:00:00.0,8.487499
2019-04-12 00:00:00.0,8.070835
2019-04-13 00:00:00.0,8.956946
2019-04-14 00:00:00.0,9.572915
2016-12-22 00:00:00.0,-999.99
2019-04-16 00:00:00.0,7.575
2019-04-17 00:00:00.0,13.68472
2019-04-18 00:00:00.0,8.738891
2019-04-19 00:00:00.0,12.66736
2019-04-20 00:00:00.0,7.893054
2019-04-21 00:00:00.0,7.352084
2019-04-22 00:00:00.0,7.372223
2019-04-23 00:00:00.0,8.762499
2019-04-24 00:00:00.0,12.29653
2019-04-25 00:00:00.0,12.29583
2019-04-26 00:00:00.0,11.15486
2019-04-27 00:00:00.0,13.02917
2019-04-28 00:00:00.0,12.84167
2020-06-09 00:00:00.0,N/A
2019-04-30 00:00:00.0,8.293055
2019-05-01 00:00:00.0,9.936112
2016-06-28 00:00:00.0,N/A
2019-05-03 00:00:00.0,8.859028
2014-10-10 00:00:00.0,N/A
2019-07-16 00:00:00.0,N/A
2013-10-12 00:00:00.0,N/A
2013-07-14 00:00:00.0,N/A
2019-05-08 00:00:00.0,6.263193
2019-05-09 00:00:00.0,7.310417
2011-08-23 00:00:00.0,-999.99
2019-05-11 00:00:00.0,11.42222
2019-05-12 00:00:00.0,12.63403
2019-05-13 00:00:00.0,7.870138
2019-05-14 00:00:00.0,5.563888
2019-05-15 00:00:00.0,3.808333
2019-07-12 00:00:00.0,-999.99
2019-05-17 00:00:00.0,8.890978
2016-11-13 00:00:00.0,N/A
2019-05-19 00:00:00.0,7.479861
2016-05-15 00:00:00.0,-999.99
2019-05-21 00:00:00.0,1.544445
2019-05-22 00:00:00.0,3.470833
2019-05-23 00:00:00.0,3.623611
2019-05-13 00:00:00.0,N/A
2019-05-25 00:00:00.0,10.94792
2019-05-26 00:00:00.0,9.122222
2019-05-27 00:00:00.0,8.009722
2019-05-28 00:00:00.0,5.761111
2019-05-29 00:00:00.0,1.041667
2019-05-30 00:00:00.0,1.813888
2019-05-31 00:00:00.0,4.082637
2019-06-01 00:00:00.0,6.465277
2019-06-02 00:00:00.0,8.815972
2019-06-03 00:00:00.0,6.804861
2015-10-02 00:00:00.0,-999.99
2019-06-05 00:00:00.0,7.813194
2019-06-06 00:00:00.0,5.694445
2019-06-07 00:00:00.0,6.395831
2019-06-08 00:00:00.0,9.071528
2019-06-09 00:00:00.0,5.994444
2019-06-10 00:00:00.0,5.318057
2019-06-11 00:00:00.0,-0.04444457
2019-06-12 00:00:00.0,0.9687501
2019-06-13 00:00:00.0,4.635417
2019-06-14 00:00:00.0,1.563889
2019-06-15 00:00:00.0,1.804861
2019-06-16 00:00:00.0,3.353471
2015-09-11 00:00:00.0,N/A
2019-06-18 00:00:00.0,6.854167
2016-12-13 00:00:00.0,N/A
2016-11-11 00:00:00.0,-999.99
2020-01-17 00:00:00.0,N/A
2019-06-22 00:00:00.0,8.812503
2012-04-21 00:00:00.0,N/A
2011-11-02 00:00:00.0,-999.99
2019-06-25 00:00:00.0,4.197223
2019-06-26 00:00:00.0,4.718752
2019-06-27 00:00:00.0,5.468057
2019-06-28 00:00:00.0,1.486111
2015-05-28 00:00:00.0,-999.99
2019-06-30 00:00:00.0,3.914583
2019-07-01 00:00:00.0,3.896527
2019-07-02 00:00:00.0,5.137502
2019-07-03 00:00:00.0,5.054166
2019-07-04 00:00:00.0,4.984723
2019-10-30 00:00:00.0,-999.99
2019-07-06 00:00:00.0,2.649305
2019-07-07 00:00:00.0,6.827779
2019-07-08 00:00:00.0,5.455557
2019-07-09 00:00:00.0,7.459028
2017-09-10 00:00:00.0,N/A
2019-07-11 00:00:00.0,5.058332
2019-07-12 00:00:00.0,6.572916
2019-07-13 00:00:00.0,5.840973
2019-07-14 00:00:00.0,5.020138
2019-07-15 00:00:00.0,5.938194
2011-10-16 00:00:00.0,N/A
2019-07-17 00:00:00.0,6.946527
2018-10-13 00:00:00.0,N/A
2019-07-19 00:00:00.0,3.485417
2019-07-20 00:00:00.0,0.8083335
2019-07-21 00:00:00.0,2.46875
2019-07-22 00:00:00.0,2.490277
2019-07-23 00:00:00.0,2.022917
2019-07-24 00:00:00.0,-1.44375
2019-07-25 00:00:00.0,-0.1159723
2019-07-26 00:00:00.0,6.172916
2018-03-20 00:00:00.0,N/A
2019-07-28 00:00:00.0,1.275
2019-07-29 00:00:00.0,6.819445
2020-06-13 00:00:00.0,N/A
2019-07-31 00:00:00.0,4.359723
2019-08-01 00:00:00.0,5.744446
2019-08-02 00:00:00.0,5.315971
2019-08-03 00:00:00.0,4.425
2019-08-04 00:00:00.0,3.691667
2019-08-05 00:00:00.0,8.422916
2019-08-06 00:00:00.0,4.997919
2019-08-07 00:00:00.0,4.452083
2019-08-08 00:00:00.0,2.118056
2019-08-09 00:00:00.0,1.246528
2011-10-12 00:00:00.0,N/A
2019-08-11 00:00:00.0,4.968749
2012-09-02 00:00:00.0,N/A
2019-08-13 00:00:00.0,1.309028
2019-08-14 00:00:00.0,4.239583
2019-08-15 00:00:00.0,2.754167
2019-08-16 00:00:00.0,5.405554
2017-05-20 00:00:00.0,-999.99
2019-08-18 00:00:00.0,1.829862
2019-08-19 00:00:00.0,2.349306
2019-08-20 00:00:00.0,2.117361
2019-08-21 00:00:00.0,3.298612
2019-08-22 00:00:00.0,5.436111
2019-08-23 00:00:00.0,6.493055
2019-08-24 00:00:00.0,8.163196
2019-08-25 00:00:00.0,4.893749
2019-08-26 00:00:00.0,6.752083
2019-08-27 00:00:00.0,3.398612
2019-12-04 00:00:00.0,-999.99
2019-08-29 00:00:00.0,5.645141
2019-08-30 00:00:00.0,6.429861
2019-08-31 00:00:00.0,6.27014
2015-05-23 00:00:00.0,N/A
2012-11-15 00:00:00.0,N/A
2019-12-29 00:00:00.0,-999.99
2019-09-04 00:00:00.0,0.8534724
2019-09-05 00:00:00.0,2.454861
2019-09-06 00:00:00.0,2.322917
2019-09-07 00:00:00.0,4.113889
2019-09-08 00:00:00.0,5.148612
2019-09-09 00:00:00.0,4.747221
2019-09-10 00:00:00.0,4.69375
2019-09-11 00:00:00.0,2.543055
2019-09-12 00:00:00.0,7.290972
2019-09-13 00:00:00.0,8.541668
2013-03-10 00:00:00.0,N/A
2019-09-15 00:00:00.0,4.670833
2019-09-16 00:00:00.0,6.170137
2019-09-17 00:00:00.0,8.984723
2019-09-18 00:00:00.0,5.090972
2019-09-19 00:00:00.0,3.732168
2019-09-20 00:00:00.0,5.864584
2019-09-21 00:00:00.0,7.499302
2019-09-22 00:00:00.0,4.420833
2019-09-23 00:00:00.0,7.044443
2019-09-24 00:00:00.0,10.38889
2019-09-25 00:00:00.0,9.631248
2019-09-26 00:00:00.0,13.03055
2019-09-27 00:00:00.0,11.96458
2019-09-28 00:00:00.0,10.61597
2019-09-29 00:00:00.0,7.622225
2019-09-30 00:00:00.0,3.203472
2019-10-01 00:00:00.0,3.997222
2019-10-02 00:00:00.0,2.847916
2018-01-28 00:00:00.0,N/A
2019-10-04 00:00:00.0,6.604861
2014-10-30 00:00:00.0,-999.99
2019-10-06 00:00:00.0,7.306943
2019-10-07 00:00:00.0,6.790277
2019-10-08 00:00:00.0,7.438887
2019-10-09 00:00:00.0,9.597222
2019-10-10 00:00:00.0,11.49584
2019-10-11 00:00:00.0,11.14305
2019-10-12 00:00:00.0,9.613889
2019-10-13 00:00:00.0,7.359026
2019-10-14 00:00:00.0,6.435417
2019-10-15 00:00:00.0,3.654167
2019-10-16 00:00:00.0,9.295139
2019-10-17 00:00:00.0,9.909027
2016-02-02 00:00:00.0,-999.99
2019-10-19 00:00:00.0,12.03541
2019-10-20 00:00:00.0,11.06805
2019-10-21 00:00:00.0,7.115973
2019-10-22 00:00:00.0,6.834028
2019-10-23 00:00:00.0,8.404163
2020-02-03 00:00:00.0,N/A
2019-10-25 00:00:00.0,10.8632
2019-10-26 00:00:00.0,9.818056
2019-10-27 00:00:00.0,8.594443
2019-10-28 00:00:00.0,7.667363
2019-10-29 00:00:00.0,5.534028
2019-10-30 00:00:00.0,7.945833
2012-09-23 00:00:00.0,N/A
2015-10-31 00:00:00.0,N/A
2019-11-02 00:00:00.0,9.276394
2019-11-03 00:00:00.0,10.20903
2019-11-04 00:00:00.0,8.409029
2019-11-05 00:00:00.0,9.321528
2019-11-06 00:00:00.0,10.43889
2013-05-15 00:00:00.0,N/A
2019-11-08 00:00:00.0,10.59722
2019-11-09 00:00:00.0,12.26458
2019-11-10 00:00:00.0,17.05278
2019-11-11 00:00:00.0,16.22014
2019-11-12 00:00:00.0,14.19584
2019-11-13 00:00:00.0,13.97848
2019-11-14 00:00:00.0,12.33125
2019-11-15 00:00:00.0,12.58889
2019-11-16 00:00:00.0,11.64514
2019-11-17 00:00:00.0,11.01667
2013-10-23 00:00:00.0,N/A
2016-05-19 00:00:00.0,N/A
2019-11-20 00:00:00.0,11.60209
2019-11-21 00:00:00.0,12.43611
2015-04-07 00:00:00.0,N/A
2014-11-28 00:00:00.0,-999.99
2019-11-24 00:00:00.0,12.94305
2019-11-25 00:00:00.0,8.439587
2019-11-26 00:00:00.0,7.733333
2019-11-27 00:00:00.0,9.363889
2012-10-07 00:00:00.0,N/A
2019-11-29 00:00:00.0,8.699308
2019-11-30 00:00:00.0,10.5375
2019-12-01 00:00:00.0,11.36319
2019-12-02 00:00:00.0,14.61111
2018-04-02 00:00:00.0,N/A
2019-12-04 00:00:00.0,11.22222
2019-12-05 00:00:00.0,14.90625
2019-12-06 00:00:00.0,14.14028
2019-12-07 00:00:00.0,14.16945
2019-12-08 00:00:00.0,15.43056
2019-12-09 00:00:00.0,15.65973
2019-12-10 00:00:00.0,15.04861
2019-12-11 00:00:00.0,12.44931
2017-10-24 00:00:00.0,N/A
2019-12-13 00:00:00.0,13.55
2019-12-14 00:00:00.0,12.69444
2019-12-15 00:00:00.0,12.88601
2019-12-16 00:00:00.0,13.91181
2019-12-17 00:00:00.0,14.10417
2019-12-18 00:00:00.0,14.35625
2019-12-19 00:00:00.0,12.39166
2019-12-20 00:00:00.0,12.21666
2019-12-21 00:00:00.0,14.54583
2019-12-22 00:00:00.0,15.24514
2012-03-14 00:00:00.0,N/A
2019-12-24 00:00:00.0,10.18403
2016-07-01 00:00:00.0,-999.99
2019-12-26 00:00:00.0,13.91944
2019-12-27 00:00:00.0,15.03819
2019-12-28 00:00:00.0,15.66736
2018-10-01 00:00:00.0,N/A
2013-04-30 00:00:00.0,N/A
2019-12-31 00:00:00.0,17.07431
2012-09-30 00:00:00.0,-999.99
2020-01-02 00:00:00.0,18.21111
2020-01-03 00:00:00.0,17.93611
2020-01-04 00:00:00.0,18.01389
2020-01-05 00:00:00.0,12.75625
2020-01-06 00:00:00.0,11.16806
2020-01-07 00:00:00.0,13.08195
2020-01-08 00:00:00.0,9.607639
2020-01-09 00:00:00.0,9.530559
2020-01-10 00:00:00.0,13.30556
2020-01-11 00:00:00.0,14.79723
2020-01-12 00:00:00.0,16.54584
2020-01-13 00:00:00.0,18.44167
2020-01-14 00:00:00.0,14.97569
2017-09-26 00:00:00.0,N/A
2020-01-16 00:00:00.0,12.05556
2020-01-17 00:00:00.0,15.52083
2020-01-18 00:00:00.0,18.15347
2020-01-19 00:00:00.0,17.49167
2020-01-20 00:00:00.0,17.11666
2016-01-08 00:00:00.0,-999.99
2020-01-22 00:00:00.0,19.68681
2020-01-23 00:00:00.0,18.05764
2020-01-24 00:00:00.0,17.34305
2012-09-11 00:00:00.0,N/A
2020-01-26 00:00:00.0,18.33194
2020-01-27 00:00:00.0,16.65208
2020-01-28 00:00:00.0,15.93958
2017-07-07 00:00:00.0,N/A
2020-01-30 00:00:00.0,16.77917
2020-01-31 00:00:00.0,17.94375
2020-02-01 00:00:00.0,16.59445
2020-02-02 00:00:00.0,15.39584
2019-12-19 00:00:00.0,N/A
2020-02-04 00:00:00.0,10.82986
2020-02-05 00:00:00.0,10.61805
2020-02-06 00:00:00.0,13.68959
2020-02-07 00:00:00.0,13.70764
2020-02-08 00:00:00.0,16.48473
2020-02-09 00:00:00.0,20.52847
2020-02-10 00:00:00.0,20.58749
2013-09-13 00:00:00.0,N/A
2020-02-12 00:00:00.0,16.03819
2018-11-02 00:00:00.0,-999.99
2020-02-14 00:00:00.0,13.55347
2020-02-15 00:00:00.0,14.94028
2020-02-16 00:00:00.0,15.03055
2015-02-03 00:00:00.0,-999.99
2020-02-18 00:00:00.0,14.06527
2020-02-19 00:00:00.0,14.70417
2020-02-20 00:00:00.0,14.69306
2020-02-21 00:00:00.0,16.70417
2020-02-22 00:00:00.0,16.78194
2020-02-23 00:00:00.0,15.31736
2020-02-24 00:00:00.0,13.07152
2020-02-25 00:00:00.0,14.65347
2020-02-26 00:00:00.0,14.6625
2020-02-27 00:00:00.0,17.11111
2020-02-28 00:00:00.0,17.83541
2020-02-29 00:00:00.0,18.10764
2017-08-23 00:00:00.0,-999.99
2020-03-02 00:00:00.0,18.85069
2020-03-03 00:00:00.0,17.37084
2020-03-04 00:00:00.0,16.77361
2020-03-05 00:00:00.0,17.15764
2020-03-06 00:00:00.0,16.70139
2020-03-07 00:00:00.0,14.51875
2020-03-08 00:00:00.0,13.32152
2020-03-09 00:00:00.0,13.83542
2020-03-10 00:00:00.0,15.01042
2020-03-11 00:00:00.0,17.10694
2020-03-12 00:00:00.0,15.8757
2020-03-13 00:00:00.0,14.40555
2020-03-14 00:00:00.0,13.15972
2020-03-15 00:00:00.0,12.16111
2020-03-16 00:00:00.0,12.71111
2020-03-17 00:00:00.0,15.30764
2017-02-06 00:00:00.0,N/A
2020-03-19 00:00:00.0,13.44931
2020-03-20 00:00:00.0,15.06042
2020-03-21 00:00:00.0,15.85903
2017-02-26 00:00:00.0,-999.99
2020-03-23 00:00:00.0,14.93403
2020-03-24 00:00:00.0,15.56389
2020-03-25 00:00:00.0,13.52084
2020-03-26 00:00:00.0,13.55625
2020-03-27 00:00:00.0,14.37778
2020-03-28 00:00:00.0,13.29236
2020-03-29 00:00:00.0,8.817361
2020-03-30 00:00:00.0,8.770834
2016-12-21 00:00:00.0,N/A
2020-04-01 00:00:00.0,12.50208
2020-04-02 00:00:00.0,9.559724
2020-04-03 00:00:00.0,9.591668
2020-04-04 00:00:00.0,12.02292
2016-07-12 00:00:00.0,-999.99
2020-04-06 00:00:00.0,6.816084
2020-04-07 00:00:00.0,8.699999
2020-04-08 00:00:00.0,13.28472
2020-04-09 00:00:00.0,11.09722
2020-04-10 00:00:00.0,10.78264
2020-04-11 00:00:00.0,11.36181
2020-04-12 00:00:00.0,6.800695
2020-04-13 00:00:00.0,8.877083
2020-04-14 00:00:00.0,8.022915
2020-04-15 00:00:00.0,11.66459
2020-04-16 00:00:00.0,14.55903
2020-04-17 00:00:00.0,14.99375
2020-04-18 00:00:00.0,14.56389
2016-05-16 00:00:00.0,N/A
2020-04-20 00:00:00.0,10.36181
2020-04-21 00:00:00.0,5.520139
2020-04-22 00:00:00.0,5.627778
2020-04-23 00:00:00.0,9.624308
2020-04-24 00:00:00.0,11.41875
2020-04-25 00:00:00.0,10.31111
2016-07-22 00:00:00.0,-999.99
2020-04-27 00:00:00.0,10.55764
2020-04-28 00:00:00.0,11.20278
2019-06-07 00:00:00.0,N/A
2020-07-30 00:00:00.0,N/A
2020-05-01 00:00:00.0,9.703472
2020-05-02 00:00:00.0,9.037502
2020-05-03 00:00:00.0,10.31111
2017-01-04 00:00:00.0,N/A
2017-08-01 00:00:00.0,-999.99
2020-05-06 00:00:00.0,3.757639
2020-05-07 00:00:00.0,4.772917
2020-05-08 00:00:00.0,9.347218
2020-05-09 00:00:00.0,8.941668
2020-05-10 00:00:00.0,6.746529
2020-05-11 00:00:00.0,8.4375
2017-11-22 00:00:00.0,N/A
2020-05-13 00:00:00.0,7.888194
2020-05-14 00:00:00.0,11.35208
2020-05-15 00:00:00.0,13.65625
2020-05-16 00:00:00.0,13.58403
2017-10-27 00:00:00.0,-999.99
2020-05-18 00:00:00.0,9.71111
2015-10-09 00:00:00.0,-999.99
2020-05-20 00:00:00.0,4.907639
2020-05-21 00:00:00.0,3.365277
2020-05-22 00:00:00.0,1.71875
2011-12-19 00:00:00.0,-999.99
2020-05-24 00:00:00.0,12.67222
2020-05-25 00:00:00.0,6.609724
2020-05-26 00:00:00.0,7.469445
2014-10-31 00:00:00.0,-999.99
2016-10-14 00:00:00.0,N/A
2020-05-29 00:00:00.0,2.063889
2020-05-30 00:00:00.0,1.233334
2020-05-31 00:00:00.0,1.992361
2016-04-10 00:00:00.0,N/A
2020-06-02 00:00:00.0,7.319445
2020-06-03 00:00:00.0,3.498611
2020-06-04 00:00:00.0,5.101389
2020-06-05 00:00:00.0,8.55903
2020-06-06 00:00:00.0,4.022223
2020-06-07 00:00:00.0,6.30764
2020-06-08 00:00:00.0,5.838194
2013-05-03 00:00:00.0,N/A
2020-06-10 00:00:00.0,7.648609
2020-04-10 00:00:00.0,-999.99
2020-06-12 00:00:00.0,4.336806
2020-06-13 00:00:00.0,5.00764
2018-07-04 00:00:00.0,-999.99
2020-06-15 00:00:00.0,1.464583
2020-06-16 00:00:00.0,6.043749
2020-06-17 00:00:00.0,5.208334
2017-07-27 00:00:00.0,N/A
2020-06-19 00:00:00.0,4.659027
2020-06-20 00:00:00.0,3.920139
2015-03-18 00:00:00.0,-999.99
2020-06-22 00:00:00.0,2.999306
2020-06-23 00:00:00.0,3.611805
2020-06-24 00:00:00.0,1.722916
2020-06-25 00:00:00.0,4.188194
2020-06-26 00:00:00.0,-0.7493057
2020-06-27 00:00:00.0,-0.9756948
2019-09-29 00:00:00.0,N/A
2020-06-29 00:00:00.0,0.4979168
2020-06-30 00:00:00.0,0.8673608
2020-07-01 00:00:00.0,2.059722
2020-07-02 00:00:00.0,6.335417
2020-07-03 00:00:00.0,5.528474
2020-07-04 00:00:00.0,4.197917
2020-07-05 00:00:00.0,1.968055
2020-07-06 00:00:00.0,-1.215278
2020-07-07 00:00:00.0,1.213195
2020-07-08 00:00:00.0,3.05486
2020-07-09 00:00:00.0,3.596528
2020-07-10 00:00:00.0,2.595139
2020-07-11 00:00:00.0,2.458333
2020-07-12 00:00:00.0,3.065972
2018-07-26 00:00:00.0,N/A
2020-07-14 00:00:00.0,1.065278
2020-07-15 00:00:00.0,3.35
2016-12-02 00:00:00.0,N/A
2020-07-17 00:00:00.0,3.249305
2020-07-18 00:00:00.0,3.260417
2020-07-19 00:00:00.0,4.425694
2020-07-20 00:00:00.0,3.749305
2020-07-21 00:00:00.0,1.895833
2020-07-22 00:00:00.0,0.4611109
2020-07-23 00:00:00.0,-2.134722
2012-07-13 00:00:00.0,-999.99
2020-07-25 00:00:00.0,3.740972
2012-10-26 00:00:00.0,-999.99
2020-07-27 00:00:00.0,4.05
2020-07-28 00:00:00.0,5.046528
2020-07-29 00:00:00.0,-0.6472222
2020-07-30 00:00:00.0,1.613889
2020-07-31 00:00:00.0,5.82986
2015-05-23 00:00:00.0,-999.99
2020-08-02 00:00:00.0,7.730555
2020-08-03 00:00:00.0,4.3
2020-08-04 00:00:00.0,4.554167
2020-08-05 00:00:00.0,4.203471
2020-08-06 00:00:00.0,3.830555
2020-08-07 00:00:00.0,4.099306
2020-08-08 00:00:00.0,5.960415
2020-08-09 00:00:00.0,5.927778
2020-08-10 00:00:00.0,2.494444
2020-08-11 00:00:00.0,4.615973
2020-08-12 00:00:00.0,5.49514
2012-09-10 00:00:00.0,-999.99
2020-08-14 00:00:00.0,3.083333
2018-12-01 00:00:00.0,N/A
2020-08-16 00:00:00.0,5.956944
2016-09-01 00:00:00.0,-999.99
2020-08-18 00:00:00.0,4.571527
2020-08-19 00:00:00.0,0.04097201
2020-08-20 00:00:00.0,2.125
2020-08-21 00:00:00.0,2.622917
2020-08-22 00:00:00.0,3.028472
2020-08-23 00:00:00.0,3.583334
2020-08-24 00:00:00.0,6.665279
2020-08-25 00:00:00.0,6.99861
2020-06-18 00:00:00.0,N/A
2020-08-27 00:00:00.0,6.222917
2020-08-28 00:00:00.0,3.729862
2020-08-29 00:00:00.0,2.975
2017-07-07 00:00:00.0,-999.99
2020-08-31 00:00:00.0,4.806944
2020-09-01 00:00:00.0,6.095138
2013-05-24 00:00:00.0,-999.99
2020-09-03 00:00:00.0,5.766667
2020-09-04 00:00:00.0,5.823611
2020-09-05 00:00:00.0,6.138889
2020-09-06 00:00:00.0,6.693056
2020-09-07 00:00:00.0,6.319445
2020-09-08 00:00:00.0,6.874306
2020-09-09 00:00:00.0,5.704166
2020-09-10 00:00:00.0,5.977778
2020-09-11 00:00:00.0,5.088194
2020-09-12 00:00:00.0,4.774303
